year,contractor,contractor_key,class1_delivery_af,class2_delivery_af,total_delivery_af,class1_final_share,class2_final_share,allocation_note,class_1_reference_quantity_af,class_2_reference_quantity_af,status,wet_year,wet_year_definition,next_drought_year,years_to_next_drought,drought_definition,new_well_reports_fractional,new_well_reports_single_match,distinct_wcr_reports,median_completed_depth_ft,median_depth_bgs_ft,median_groundwater_elevation_ft,monitoring_sites,measurement_count,class2_delivery_per_1000_acres,next_drought_within_1_year,next_drought_within_3_years,primary_episode,horizon_note,outcome_status
1993,Arvin-Edison WSD,ARVINEDISONWSD,16578.0,259020.0,275598.0,1.0,0.9,,40000.0,311675.0,Historical planning reference; verify against current contract and amendments,1993,Positive contractor Class 2 delivery and final Class 1 share at 100%,1994,1,First later year with final numeric Class 1 allocation below 100%,0.0,0.0,0.0,,319.04999999999995,131.97500000000002,14.0,19.0,1954.9073218811268,True,True,True,Primary 1-3 year carryover window,Well and groundwater outcomes present
1993,Chowchilla WD,CHOWCHILLAWD,33664.0,144000.0,177664.0,1.0,0.9,,55000.0,160000.0,Historical planning reference; verify against current contract and amendments,1993,Positive contractor Class 2 delivery and final Class 1 share at 100%,1994,1,First later year with final numeric Class 1 allocation below 100%,7.0,7.0,7.0,605.0,118.25,73.205,80.0,80.0,1610.8043749325382,True,True,True,Primary 1-3 year carryover window,Well and groundwater outcomes present
1993,Delano-Earlimart ID,DELANOEARLIMARTID,92059.0,67050.0,159109.0,1.0,0.9,,108800.0,74500.0,Historical planning reference; verify against current contract and amendments,1993,Positive contractor Class 2 delivery and final Class 1 share at 100%,1994,1,First later year with final numeric Class 1 allocation below 100%,1.0,1.0,1.0,970.0,142.0,233.18,53.0,53.0,1188.7201917239781,True,True,True,Primary 1-3 year carryover window,Well and groundwater outcomes present
1993,Exeter ID,EXETERID,10947.0,17100.0,28047.0,1.0,0.9,,11500.0,19000.0,Historical planning reference; verify against current contract and amendments,1993,Positive contractor Class 2 delivery and final Class 1 share at 100%,1994,1,First later year with final numeric Class 1 allocation below 100%,3.0,3.0,3.0,300.0,60.099999999999994,335.315,44.0,44.0,1128.601295148691,True,True,True,Primary 1-3 year carryover window,Well and groundwater outcomes present
1993,Fresno ID,FRESNOID,505.0,67500.0,68005.0,1.0,0.9,,0.0,75000.0,Historical planning reference; verify against current contract and amendments,1993,Positive contractor Class 2 delivery and final Class 1 share at 100%,1994,1,First later year with final numeric Class 1 allocation below 100%,22.0,21.0,23.0,180.0,54.0,216.69,101.0,101.0,272.6217492266355,True,True,True,Primary 1-3 year carryover window,Well and groundwater outcomes present
1993,Gravelly Ford WD,GRAVELLYFORDWD,,12600.0,,1.0,0.9,,0.0,14000.0,Historical planning reference; verify against current contract and amendments,1993,Positive contractor Class 2 delivery and final Class 1 share at 100%,1994,1,First later year with final numeric Class 1 allocation below 100%,0.0,0.0,0.0,,93.4,104.58,6.0,6.0,1495.5152779115715,True,True,True,Primary 1-3 year carryover window,Well and groundwater outcomes present
1993,Ivanhoe ID,IVANHOEID,5370.519480519481,450.00000000000006,5820.519480519481,1.0,0.9,,7700.0,7900.0,Historical planning reference; verify against current contract and amendments,1993,Positive contractor Class 2 delivery and final Class 1 share at 100%,1994,1,First later year with final numeric Class 1 allocation below 100%,2.0,2.0,2.0,288.5,74.2,303.09,41.0,41.0,41.0569969861676,True,True,True,Primary 1-3 year carryover window,Well and groundwater outcomes present
1993,Lindmore ID,LINDMOREID,34712.0,19800.0,54512.0,1.0,0.9,,33000.0,22000.0,Historical planning reference; verify against current contract and amendments,1993,Positive contractor Class 2 delivery and final Class 1 share at 100%,1994,1,First later year with final numeric Class 1 allocation below 100%,1.0,1.0,1.0,500.0,52.4,311.99,128.0,130.0,717.138945043493,True,True,True,Primary 1-3 year carryover window,Well and groundwater outcomes present
1993,Lower Tule River ID,LOWERTULERIVERID,61564.0,214200.0,275764.0,1.0,0.9,,61200.0,238000.0,Historical planning reference; verify against current contract and amendments,1993,Positive contractor Class 2 delivery and final Class 1 share at 100%,1994,1,First later year with final numeric Class 1 allocation below 100%,25.0,25.0,25.0,600.0,97.1,178.5,115.0,116.0,2078.0221031973138,True,True,True,Primary 1-3 year carryover window,Well and groundwater outcomes present
1993,Madera ID,MADERAID,43800.0,167400.0,211200.0,1.0,0.9,,85000.0,186000.0,Historical planning reference; verify against current contract and amendments,1993,Positive contractor Class 2 delivery and final Class 1 share at 100%,1994,1,First later year with final numeric Class 1 allocation below 100%,16.0,16.0,16.0,587.5,101.95,143.20999999999998,138.0,138.0,1148.4658550862994,True,True,True,Primary 1-3 year carryover window,Well and groundwater outcomes present
1993,Porterville ID,PORTERVILLEID,12520.0,27000.0,39520.0,1.0,0.9,,16000.0,30000.0,Historical planning reference; verify against current contract and amendments,1993,Positive contractor Class 2 delivery and final Class 1 share at 100%,1994,1,First later year with final numeric Class 1 allocation below 100%,0.0,0.0,0.0,,37.0,365.705,12.0,14.0,1588.4381060274818,True,True,True,Primary 1-3 year carryover window,Well and groundwater outcomes present
1993,Saucelito ID,SAUCELITOID,17080.0,29520.0,46600.0,1.0,0.9,,21200.0,32800.0,Historical planning reference; verify against current contract and amendments,1993,Positive contractor Class 2 delivery and final Class 1 share at 100%,1994,1,First later year with final numeric Class 1 allocation below 100%,0.0,0.0,0.0,,123.55,274.29999999999995,16.0,16.0,1492.1511078184885,True,True,True,Primary 1-3 year carryover window,Well and groundwater outcomes present
1993,Shafter-Wasco ID,SHAFTERWASCOID,56306.0,36090.0,92396.0,1.0,0.9,,50000.0,39600.0,Historical planning reference; verify against current contract and amendments,1993,Positive contractor Class 2 delivery and final Class 1 share at 100%,1994,1,First later year with final numeric Class 1 allocation below 100%,1.0,1.0,1.0,715.0,267.0,72.39500000000001,54.0,54.0,927.3148784243987,True,True,True,Primary 1-3 year carryover window,Well and groundwater outcomes present
1993,Southern San Joaquin MUD,SOUTHERNSANJOAQUINMUD,89746.0,40500.0,130246.0,1.0,0.9,,97000.0,50000.0,Historical planning reference; verify against current contract and amendments,1993,Positive contractor Class 2 delivery and final Class 1 share at 100%,1994,1,First later year with final numeric Class 1 allocation below 100%,7.0,7.0,7.0,806.0,178.5,167.405,24.0,24.0,626.4076174153977,True,True,True,Primary 1-3 year carryover window,Well and groundwater outcomes present
1993,Tulare ID,TULAREID,16621.0,126900.0,143521.0,1.0,0.9,,30000.0,141000.0,Historical planning reference; verify against current contract and amendments,1993,Positive contractor Class 2 delivery and final Class 1 share at 100%,1994,1,First later year with final numeric Class 1 allocation below 100%,16.0,16.0,16.0,445.0,108.0,160.72,83.0,91.0,1764.6227073169887,True,True,True,Primary 1-3 year carryover window,Well and groundwater outcomes present
1995,Arvin-Edison WSD,ARVINEDISONWSD,10801.0,239834.0,250635.0,1.0,1.0,,40000.0,311675.0,Historical planning reference; verify against current contract and amendments,1995,Positive contractor Class 2 delivery and final Class 1 share at 100%,2007,12,First later year with final numeric Class 1 allocation below 100%,3.0,3.0,3.0,930.0,283.7,179.5,23.0,24.0,1810.1044036600963,False,False,False,Longer gap retained for sensitivity analysis; do not assume physical carryover,Well and groundwater outcomes present
1995,Chowchilla WD,CHOWCHILLAWD,0.0,44314.0,44314.0,1.0,1.0,,55000.0,160000.0,Historical planning reference; verify against current contract and amendments,1995,Positive contractor Class 2 delivery and final Class 1 share at 100%,2007,12,First later year with final numeric Class 1 allocation below 100%,8.0,8.0,8.0,540.0,148.0,42.7,61.0,62.0,495.70267410250347,False,False,False,Longer gap retained for sensitivity analysis; do not assume physical carryover,Well and groundwater outcomes present
1995,Delano-Earlimart ID,DELANOEARLIMARTID,34195.0,39811.0,74006.0,1.0,1.0,,108800.0,74500.0,Historical planning reference; verify against current contract and amendments,1995,Positive contractor Class 2 delivery and final Class 1 share at 100%,2007,12,First later year with final numeric Class 1 allocation below 100%,3.0,3.0,3.0,920.0,160.0,207.17,33.0,33.0,705.803721889982,False,False,False,Longer gap retained for sensitivity analysis; do not assume physical carryover,Well and groundwater outcomes present
1995,Exeter ID,EXETERID,8359.0,19000.0,27359.0,1.0,1.0,,11500.0,19000.0,Historical planning reference; verify against current contract and amendments,1995,Positive contractor Class 2 delivery and final Class 1 share at 100%,2007,12,First later year with final numeric Class 1 allocation below 100%,7.0,7.0,7.0,290.0,61.400000000000006,334.105,42.0,42.0,1254.001439054101,False,False,False,Longer gap retained for sensitivity analysis; do not assume physical carryover,Well and groundwater outcomes present
1995,Fresno ID,FRESNOID,-9376.0,8014.0,-1362.0,1.0,1.0,,0.0,75000.0,Historical planning reference; verify against current contract and amendments,1995,Positive contractor Class 2 delivery and final Class 1 share at 100%,2007,12,First later year with final numeric Class 1 allocation below 100%,20.5,20.0,21.0,206.0,38.400000000000006,335.73,30.0,30.0,32.367269604477876,False,False,False,Longer gap retained for sensitivity analysis; do not assume physical carryover,Well and groundwater outcomes present
1995,Gravelly Ford WD,GRAVELLYFORDWD,,11394.0,,1.0,1.0,,0.0,14000.0,Historical planning reference; verify against current contract and amendments,1995,Positive contractor Class 2 delivery and final Class 1 share at 100%,2007,12,First later year with final numeric Class 1 allocation below 100%,0.0,0.0,0.0,,104.35,93.5,2.0,2.0,1352.3731013114639,False,False,False,Longer gap retained for sensitivity analysis; do not assume physical carryover,Well and groundwater outcomes present
1995,Ivanhoe ID,IVANHOEID,4219.9350649350645,438.9240506329114,4658.859115567976,1.0,1.0,,7700.0,7900.0,Historical planning reference; verify against current contract and amendments,1995,Positive contractor Class 2 delivery and final Class 1 share at 100%,2007,12,First later year with final numeric Class 1 allocation below 100%,12.0,12.0,12.0,245.0,72.6,306.89,41.0,41.0,40.04645205331537,False,False,False,Longer gap retained for sensitivity analysis; do not assume physical carryover,Well and groundwater outcomes present
1995,Lindmore ID,LINDMOREID,25302.0,22000.0,47302.0,1.0,1.0,,33000.0,22000.0,Historical planning reference; verify against current contract and amendments,1995,Positive contractor Class 2 delivery and final Class 1 share at 100%,2007,12,First later year with final numeric Class 1 allocation below 100%,8.0,8.0,8.0,410.0,53.95,307.39,130.0,132.0,796.8210500483254,False,False,False,Longer gap retained for sensitivity analysis; do not assume physical carryover,Well and groundwater outcomes present
1995,Lower Tule River ID,LOWERTULERIVERID,11725.0,164462.0,176187.0,1.0,1.0,,61200.0,238000.0,Historical planning reference; verify against current contract and amendments,1995,Positive contractor Class 2 delivery and final Class 1 share at 100%,2007,12,First later year with final numeric Class 1 allocation below 100%,27.0,27.0,27.0,560.0,98.0,194.2,95.0,96.0,1595.4979978339709,False,False,False,Longer gap retained for sensitivity analysis; do not assume physical carryover,Well and groundwater outcomes present
1995,Madera ID,MADERAID,12447.0,158253.0,170700.0,1.0,1.0,,85000.0,186000.0,Historical planning reference; verify against current contract and amendments,1995,Positive contractor Class 2 delivery and final Class 1 share at 100%,2007,12,First later year with final numeric Class 1 allocation below 100%,18.0,18.0,18.0,520.0,113.6,131.06,85.0,85.0,1085.7118695637523,False,False,False,Longer gap retained for sensitivity analysis; do not assume physical carryover,Well and groundwater outcomes present
1995,Porterville ID,PORTERVILLEID,4960.0,29589.0,34549.0,1.0,1.0,,16000.0,30000.0,Historical planning reference; verify against current contract and amendments,1995,Positive contractor Class 2 delivery and final Class 1 share at 100%,2007,12,First later year with final numeric Class 1 allocation below 100%,1.0,1.0,1.0,600.0,29.1,380.7,3.0,3.0,1740.7516710832283,False,False,False,Longer gap retained for sensitivity analysis; do not assume physical carryover,Well and groundwater outcomes present
1995,Saucelito ID,SAUCELITOID,14734.0,22820.0,37554.0,1.0,1.0,,21200.0,32800.0,Historical planning reference; verify against current contract and amendments,1995,Positive contractor Class 2 delivery and final Class 1 share at 100%,2007,12,First later year with final numeric Class 1 allocation below 100%,0.0,0.0,0.0,,122.15,270.65,16.0,16.0,1153.48537535291,False,False,False,Longer gap retained for sensitivity analysis; do not assume physical carryover,Well and groundwater outcomes present
1995,Shafter-Wasco ID,SHAFTERWASCOID,26702.0,37254.0,63956.0,1.0,1.0,,50000.0,39600.0,Historical planning reference; verify against current contract and amendments,1995,Positive contractor Class 2 delivery and final Class 1 share at 100%,2007,12,First later year with final numeric Class 1 allocation below 100%,0.0,0.0,0.0,,241.5,94.875,34.0,34.0,957.2232884683443,False,False,False,Longer gap retained for sensitivity analysis; do not assume physical carryover,Well and groundwater outcomes present
1995,Southern San Joaquin MUD,SOUTHERNSANJOAQUINMUD,44312.0,45000.0,89312.0,1.0,1.0,,97000.0,50000.0,Historical planning reference; verify against current contract and amendments,1995,Positive contractor Class 2 delivery and final Class 1 share at 100%,2007,12,First later year with final numeric Class 1 allocation below 100%,4.0,4.0,4.0,814.0,195.75,181.14,10.0,10.0,696.0084637948862,False,False,False,Longer gap retained for sensitivity analysis; do not assume physical carryover,Well and groundwater outcomes present
1995,Tulare ID,TULAREID,891.0,63463.0,64354.0,1.0,1.0,,30000.0,141000.0,Historical planning reference; verify against current contract and amendments,1995,Positive contractor Class 2 delivery and final Class 1 share at 100%,2007,12,First later year with final numeric Class 1 allocation below 100%,11.0,11.0,11.0,440.0,99.1,174.22500000000002,24.0,24.0,882.4921266702762,False,False,False,Longer gap retained for sensitivity analysis; do not assume physical carryover,Well and groundwater outcomes present
1996,Arvin-Edison WSD,ARVINEDISONWSD,45022.0,252916.0,297938.0,1.0,0.58,,40000.0,311675.0,Historical planning reference; verify against current contract and amendments,1996,Positive contractor Class 2 delivery and final Class 1 share at 100%,2007,11,First later year with final numeric Class 1 allocation below 100%,3.0,3.0,3.0,930.0,283.7,179.5,23.0,24.0,1908.8384689247434,False,False,False,Longer gap retained for sensitivity analysis; do not assume physical carryover,Well and groundwater outcomes present
1996,Chowchilla WD,CHOWCHILLAWD,65924.0,207719.0,273643.0,1.0,0.58,,55000.0,160000.0,Historical planning reference; verify against current contract and amendments,1996,Positive contractor Class 2 delivery and final Class 1 share at 100%,2007,11,First later year with final numeric Class 1 allocation below 100%,8.0,8.0,8.0,540.0,148.0,42.7,61.0,62.0,2323.574124698694,False,False,False,Longer gap retained for sensitivity analysis; do not assume physical carryover,Well and groundwater outcomes present
1996,Delano-Earlimart ID,DELANOEARLIMARTID,144493.0,71960.0,216453.0,1.0,0.58,,108800.0,74500.0,Historical planning reference; verify against current contract and amendments,1996,Positive contractor Class 2 delivery and final Class 1 share at 100%,2007,11,First later year with final numeric Class 1 allocation below 100%,3.0,3.0,3.0,920.0,160.0,207.17,33.0,33.0,1275.7689037502978,False,False,False,Longer gap retained for sensitivity analysis; do not assume physical carryover,Well and groundwater outcomes present
1996,Exeter ID,EXETERID,12487.0,11020.0,23507.0,1.0,0.58,,11500.0,19000.0,Historical planning reference; verify against current contract and amendments,1996,Positive contractor Class 2 delivery and final Class 1 share at 100%,2007,11,First later year with final numeric Class 1 allocation below 100%,7.0,7.0,7.0,290.0,61.400000000000006,334.105,42.0,42.0,727.3208346513786,False,False,False,Longer gap retained for sensitivity analysis; do not assume physical carryover,Well and groundwater outcomes present
1996,Fresno ID,FRESNOID,0.0,101874.0,101874.0,1.0,0.58,,0.0,75000.0,Historical planning reference; verify against current contract and amendments,1996,Positive contractor Class 2 delivery and final Class 1 share at 100%,2007,11,First later year with final numeric Class 1 allocation below 100%,20.5,20.0,21.0,206.0,38.400000000000006,335.73,30.0,30.0,411.45286045502604,False,False,False,Longer gap retained for sensitivity analysis; do not assume physical carryover,Well and groundwater outcomes present
1996,Gravelly Ford WD,GRAVELLYFORDWD,,12830.0,,1.0,0.58,,0.0,14000.0,Historical planning reference; verify against current contract and amendments,1996,Positive contractor Class 2 delivery and final Class 1 share at 100%,2007,11,First later year with final numeric Class 1 allocation below 100%,0.0,0.0,0.0,,104.35,93.5,2.0,2.0,1522.8143663178937,False,False,False,Longer gap retained for sensitivity analysis; do not assume physical carryover,Well and groundwater outcomes present
1996,Ivanhoe ID,IVANHOEID,6956.688311688311,351.07594936708864,7307.764261055399,1.0,0.58,,7700.0,7900.0,Historical planning reference; verify against current contract and amendments,1996,Positive contractor Class 2 delivery and final Class 1 share at 100%,2007,11,First later year with final numeric Class 1 allocation below 100%,12.0,12.0,12.0,245.0,72.6,306.89,41.0,41.0,32.031387100178854,False,False,False,Longer gap retained for sensitivity analysis; do not assume physical carryover,Well and groundwater outcomes present
1996,Lindmore ID,LINDMOREID,34169.0,12760.0,46929.0,1.0,0.58,,33000.0,22000.0,Historical planning reference; verify against current contract and amendments,1996,Positive contractor Class 2 delivery and final Class 1 share at 100%,2007,11,First later year with final numeric Class 1 allocation below 100%,8.0,8.0,8.0,410.0,53.95,307.39,130.0,132.0,462.1562090280288,False,False,False,Longer gap retained for sensitivity analysis; do not assume physical carryover,Well and groundwater outcomes present
1996,Lower Tule River ID,LOWERTULERIVERID,107632.0,211263.0,318895.0,1.0,0.58,,61200.0,238000.0,Historical planning reference; verify against current contract and amendments,1996,Positive contractor Class 2 delivery and final Class 1 share at 100%,2007,11,First later year with final numeric Class 1 allocation below 100%,27.0,27.0,27.0,560.0,98.0,194.2,95.0,96.0,2049.5293351436694,False,False,False,Longer gap retained for sensitivity analysis; do not assume physical carryover,Well and groundwater outcomes present
1996,Madera ID,MADERAID,118420.0,134506.0,252926.0,1.0,0.58,,85000.0,186000.0,Historical planning reference; verify against current contract and amendments,1996,Positive contractor Class 2 delivery and final Class 1 share at 100%,2007,11,First later year with final numeric Class 1 allocation below 100%,18.0,18.0,18.0,520.0,113.6,131.06,85.0,85.0,922.7930006226869,False,False,False,Longer gap retained for sensitivity analysis; do not assume physical carryover,Well and groundwater outcomes present
1996,Porterville ID,PORTERVILLEID,24325.0,17811.0,42136.0,1.0,0.58,,16000.0,30000.0,Historical planning reference; verify against current contract and amendments,1996,Positive contractor Class 2 delivery and final Class 1 share at 100%,2007,11,First later year with final numeric Class 1 allocation below 100%,1.0,1.0,1.0,600.0,29.1,380.7,3.0,3.0,1047.8396706094622,False,False,False,Longer gap retained for sensitivity analysis; do not assume physical carryover,Well and groundwater outcomes present
1996,Saucelito ID,SAUCELITOID,25343.0,27957.0,53300.0,1.0,0.58,,21200.0,32800.0,Historical planning reference; verify against current contract and amendments,1996,Positive contractor Class 2 delivery and final Class 1 share at 100%,2007,11,First later year with final numeric Class 1 allocation below 100%,0.0,0.0,0.0,,122.15,270.65,16.0,16.0,1413.1459526179367,False,False,False,Longer gap retained for sensitivity analysis; do not assume physical carryover,Well and groundwater outcomes present
1996,Shafter-Wasco ID,SHAFTERWASCOID,48755.0,29000.0,77755.0,1.0,0.58,,50000.0,39600.0,Historical planning reference; verify against current contract and amendments,1996,Positive contractor Class 2 delivery and final Class 1 share at 100%,2007,11,First later year with final numeric Class 1 allocation below 100%,0.0,0.0,0.0,,241.5,94.875,34.0,34.0,745.140800063939,False,False,False,Longer gap retained for sensitivity analysis; do not assume physical carryover,Well and groundwater outcomes present
1996,Southern San Joaquin MUD,SOUTHERNSANJOAQUINMUD,123086.0,26100.0,149186.0,1.0,0.58,,97000.0,50000.0,Historical planning reference; verify against current contract and amendments,1996,Positive contractor Class 2 delivery and final Class 1 share at 100%,2007,11,First later year with final numeric Class 1 allocation below 100%,4.0,4.0,4.0,814.0,195.75,181.14,10.0,10.0,403.68490900103404,False,False,False,Longer gap retained for sensitivity analysis; do not assume physical carryover,Well and groundwater outcomes present
1996,Tulare ID,TULAREID,40640.0,163006.0,203646.0,1.0,0.58,,30000.0,141000.0,Historical planning reference; verify against current contract and amendments,1996,Positive contractor Class 2 delivery and final Class 1 share at 100%,2007,11,First later year with final numeric Class 1 allocation below 100%,11.0,11.0,11.0,440.0,99.1,174.22500000000002,24.0,24.0,2266.6988891167302,False,False,False,Longer gap retained for sensitivity analysis; do not assume physical carryover,Well and groundwater outcomes present
1997,Arvin-Edison WSD,ARVINEDISONWSD,36512.0,175901.0,212413.0,1.0,0.6,,40000.0,311675.0,Historical planning reference; verify against current contract and amendments,1997,Positive contractor Class 2 delivery and final Class 1 share at 100%,2007,10,First later year with final numeric Class 1 allocation below 100%,3.0,3.0,3.0,930.0,283.7,179.5,23.0,24.0,1327.581471802224,False,False,False,Longer gap retained for sensitivity analysis; do not assume physical carryover,Well and groundwater outcomes present
1997,Chowchilla WD,CHOWCHILLAWD,61669.0,82288.0,143957.0,1.0,0.6,,55000.0,160000.0,Historical planning reference; verify against current contract and amendments,1997,Positive contractor Class 2 delivery and final Class 1 share at 100%,2007,10,First later year with final numeric Class 1 allocation below 100%,8.0,8.0,8.0,540.0,148.0,42.7,61.0,62.0,920.4852111420049,False,False,False,Longer gap retained for sensitivity analysis; do not assume physical carryover,Well and groundwater outcomes present
1997,Delano-Earlimart ID,DELANOEARLIMARTID,103534.0,47815.0,151349.0,1.0,0.6,,108800.0,74500.0,Historical planning reference; verify against current contract and amendments,1997,Positive contractor Class 2 delivery and final Class 1 share at 100%,2007,10,First later year with final numeric Class 1 allocation below 100%,3.0,3.0,3.0,920.0,160.0,207.17,33.0,33.0,847.7055326962268,False,False,False,Longer gap retained for sensitivity analysis; do not assume physical carryover,Well and groundwater outcomes present
1997,Exeter ID,EXETERID,10942.0,5700.0,16642.0,1.0,0.6,,11500.0,19000.0,Historical planning reference; verify against current contract and amendments,1997,Positive contractor Class 2 delivery and final Class 1 share at 100%,2007,10,First later year with final numeric Class 1 allocation below 100%,7.0,7.0,7.0,290.0,61.400000000000006,334.105,42.0,42.0,376.20043171623036,False,False,False,Longer gap retained for sensitivity analysis; do not assume physical carryover,Well and groundwater outcomes present
1997,Fresno ID,FRESNOID,0.0,41038.0,41038.0,1.0,0.6,,0.0,75000.0,Historical planning reference; verify against current contract and amendments,1997,Positive contractor Class 2 delivery and final Class 1 share at 100%,2007,10,First later year with final numeric Class 1 allocation below 100%,20.5,20.0,21.0,206.0,38.400000000000006,335.73,30.0,30.0,165.74594584833577,False,False,False,Longer gap retained for sensitivity analysis; do not assume physical carryover,Well and groundwater outcomes present
1997,Gravelly Ford WD,GRAVELLYFORDWD,,12416.0,,1.0,0.6,,0.0,14000.0,Historical planning reference; verify against current contract and amendments,1997,Positive contractor Class 2 delivery and final Class 1 share at 100%,2007,10,First later year with final numeric Class 1 allocation below 100%,0.0,0.0,0.0,,104.35,93.5,2.0,2.0,1473.6760071865135,False,False,False,Longer gap retained for sensitivity analysis; do not assume physical carryover,Well and groundwater outcomes present
1997,Ivanhoe ID,IVANHOEID,6285.584415584415,200.8860759493671,6486.4704915337825,1.0,0.6,,7700.0,7900.0,Historical planning reference; verify against current contract and amendments,1997,Positive contractor Class 2 delivery and final Class 1 share at 100%,2007,10,First later year with final numeric Class 1 allocation below 100%,12.0,12.0,12.0,245.0,72.6,306.89,41.0,41.0,18.328397810702665,False,False,False,Longer gap retained for sensitivity analysis; do not assume physical carryover,Well and groundwater outcomes present
1997,Lindmore ID,LINDMOREID,31112.0,12142.0,43254.0,1.0,0.6,,33000.0,22000.0,Historical planning reference; verify against current contract and amendments,1997,Positive contractor Class 2 delivery and final Class 1 share at 100%,2007,10,First later year with final numeric Class 1 allocation below 100%,8.0,8.0,8.0,410.0,53.95,307.39,130.0,132.0,439.77278134939854,False,False,False,Longer gap retained for sensitivity analysis; do not assume physical carryover,Well and groundwater outcomes present
1997,Lower Tule River ID,LOWERTULERIVERID,63700.0,136963.0,200663.0,1.0,0.6,,61200.0,238000.0,Historical planning reference; verify against current contract and amendments,1997,Positive contractor Class 2 delivery and final Class 1 share at 100%,2007,10,First later year with final numeric Class 1 allocation below 100%,27.0,27.0,27.0,560.0,98.0,194.2,95.0,96.0,1328.7214814202316,False,False,False,Longer gap retained for sensitivity analysis; do not assume physical carryover,Well and groundwater outcomes present
1997,Madera ID,MADERAID,69107.0,102217.0,171324.0,1.0,0.6,,85000.0,186000.0,Historical planning reference; verify against current contract and amendments,1997,Positive contractor Class 2 delivery and final Class 1 share at 100%,2007,10,First later year with final numeric Class 1 allocation below 100%,18.0,18.0,18.0,520.0,113.6,131.06,85.0,85.0,701.270814273335,False,False,False,Longer gap retained for sensitivity analysis; do not assume physical carryover,Well and groundwater outcomes present
1997,Porterville ID,PORTERVILLEID,12958.0,17460.0,30418.0,1.0,0.6,,16000.0,30000.0,Historical planning reference; verify against current contract and amendments,1997,Positive contractor Class 2 delivery and final Class 1 share at 100%,2007,10,First later year with final numeric Class 1 allocation below 100%,1.0,1.0,1.0,600.0,29.1,380.7,3.0,3.0,1027.1899752311049,False,False,False,Longer gap retained for sensitivity analysis; do not assume physical carryover,Well and groundwater outcomes present
1997,Saucelito ID,SAUCELITOID,18340.0,21568.0,39908.0,1.0,0.6,,21200.0,32800.0,Historical planning reference; verify against current contract and amendments,1997,Positive contractor Class 2 delivery and final Class 1 share at 100%,2007,10,First later year with final numeric Class 1 allocation below 100%,0.0,0.0,0.0,,122.15,270.65,16.0,16.0,1090.200375793671,False,False,False,Longer gap retained for sensitivity analysis; do not assume physical carryover,Well and groundwater outcomes present
1997,Shafter-Wasco ID,SHAFTERWASCOID,37935.0,30896.0,68831.0,1.0,0.6,,50000.0,39600.0,Historical planning reference; verify against current contract and amendments,1997,Positive contractor Class 2 delivery and final Class 1 share at 100%,2007,10,First later year with final numeric Class 1 allocation below 100%,0.0,0.0,0.0,,241.5,94.875,34.0,34.0,793.8575916819125,False,False,False,Longer gap retained for sensitivity analysis; do not assume physical carryover,Well and groundwater outcomes present
1997,Southern San Joaquin MUD,SOUTHERNSANJOAQUINMUD,95959.0,27000.0,122959.0,1.0,0.6,,97000.0,50000.0,Historical planning reference; verify against current contract and amendments,1997,Positive contractor Class 2 delivery and final Class 1 share at 100%,2007,10,First later year with final numeric Class 1 allocation below 100%,4.0,4.0,4.0,814.0,195.75,181.14,10.0,10.0,417.60507827693175,False,False,False,Longer gap retained for sensitivity analysis; do not assume physical carryover,Well and groundwater outcomes present
1997,Tulare ID,TULAREID,8137.0,75946.0,84083.0,1.0,0.6,,30000.0,141000.0,Historical planning reference; verify against current contract and amendments,1997,Positive contractor Class 2 delivery and final Class 1 share at 100%,2007,10,First later year with final numeric Class 1 allocation below 100%,11.0,11.0,11.0,440.0,99.1,174.22500000000002,24.0,24.0,1056.0759348297559,False,False,False,Longer gap retained for sensitivity analysis; do not assume physical carryover,Well and groundwater outcomes present
1998,Arvin-Edison WSD,ARVINEDISONWSD,59232.0,56131.0,115363.0,1.0,0.1,,40000.0,311675.0,Historical planning reference; verify against current contract and amendments,1998,Positive contractor Class 2 delivery and final Class 1 share at 100%,2007,9,First later year with final numeric Class 1 allocation below 100%,3.0,3.0,3.0,930.0,283.7,179.5,23.0,24.0,423.6387262933732,False,False,False,Longer gap retained for sensitivity analysis; do not assume physical carryover,Well and groundwater outcomes present
1998,Chowchilla WD,CHOWCHILLAWD,47154.0,14865.0,62019.0,1.0,0.1,,55000.0,160000.0,Historical planning reference; verify against current contract and amendments,1998,Positive contractor Class 2 delivery and final Class 1 share at 100%,2007,9,First later year with final numeric Class 1 allocation below 100%,8.0,8.0,8.0,540.0,148.0,42.7,61.0,62.0,166.28199328730682,False,False,False,Longer gap retained for sensitivity analysis; do not assume physical carryover,Well and groundwater outcomes present
1998,Delano-Earlimart ID,DELANOEARLIMARTID,39775.0,5382.0,45157.0,1.0,0.1,,108800.0,74500.0,Historical planning reference; verify against current contract and amendments,1998,Positive contractor Class 2 delivery and final Class 1 share at 100%,2007,9,First later year with final numeric Class 1 allocation below 100%,3.0,3.0,3.0,920.0,160.0,207.17,33.0,33.0,95.41673485247503,False,False,False,Longer gap retained for sensitivity analysis; do not assume physical carryover,Well and groundwater outcomes present
1998,Exeter ID,EXETERID,9941.0,3586.0,13527.0,1.0,0.1,,11500.0,19000.0,Historical planning reference; verify against current contract and amendments,1998,Positive contractor Class 2 delivery and final Class 1 share at 100%,2007,9,First later year with final numeric Class 1 allocation below 100%,7.0,7.0,7.0,290.0,61.400000000000006,334.105,42.0,42.0,236.67627160252667,False,False,False,Longer gap retained for sensitivity analysis; do not assume physical carryover,Well and groundwater outcomes present
1998,Gravelly Ford WD,GRAVELLYFORDWD,,2659.0,,1.0,0.1,,0.0,14000.0,Historical planning reference; verify against current contract and amendments,1998,Positive contractor Class 2 delivery and final Class 1 share at 100%,2007,9,First later year with final numeric Class 1 allocation below 100%,0.0,0.0,0.0,,104.35,93.5,2.0,2.0,315.6012003148308,False,False,False,Longer gap retained for sensitivity analysis; do not assume physical carryover,Well and groundwater outcomes present
1998,Ivanhoe ID,IVANHOEID,6064.415584415584,68.67088607594937,6133.086470491533,1.0,0.1,,7700.0,7900.0,Historical planning reference; verify against current contract and amendments,1998,Positive contractor Class 2 delivery and final Class 1 share at 100%,2007,9,First later year with final numeric Class 1 allocation below 100%,12.0,12.0,12.0,245.0,72.6,306.89,41.0,41.0,6.265378583683803,False,False,False,Longer gap retained for sensitivity analysis; do not assume physical carryover,Well and groundwater outcomes present
1998,Lindmore ID,LINDMOREID,28692.0,3500.0,32192.0,1.0,0.1,,33000.0,22000.0,Historical planning reference; verify against current contract and amendments,1998,Positive contractor Class 2 delivery and final Class 1 share at 100%,2007,9,First later year with final numeric Class 1 allocation below 100%,8.0,8.0,8.0,410.0,53.95,307.39,130.0,132.0,126.76698523496088,False,False,False,Longer gap retained for sensitivity analysis; do not assume physical carryover,Well and groundwater outcomes present
1998,Lower Tule River ID,LOWERTULERIVERID,17689.0,43608.0,61297.0,1.0,0.1,,61200.0,238000.0,Historical planning reference; verify against current contract and amendments,1998,Positive contractor Class 2 delivery and final Class 1 share at 100%,2007,9,First later year with final numeric Class 1 allocation below 100%,27.0,27.0,27.0,560.0,98.0,194.2,95.0,96.0,423.0550321019068,False,False,False,Longer gap retained for sensitivity analysis; do not assume physical carryover,Well and groundwater outcomes present
1998,Madera ID,MADERAID,74834.0,18500.0,93334.0,1.0,0.1,,85000.0,186000.0,Historical planning reference; verify against current contract and amendments,1998,Positive contractor Class 2 delivery and final Class 1 share at 100%,2007,9,First later year with final numeric Class 1 allocation below 100%,18.0,18.0,18.0,520.0,113.6,131.06,85.0,85.0,126.92125638647872,False,False,False,Longer gap retained for sensitivity analysis; do not assume physical carryover,Well and groundwater outcomes present
1998,Porterville ID,PORTERVILLEID,12370.0,3000.0,15370.0,1.0,0.1,,16000.0,30000.0,Historical planning reference; verify against current contract and amendments,1998,Positive contractor Class 2 delivery and final Class 1 share at 100%,2007,9,First later year with final numeric Class 1 allocation below 100%,1.0,1.0,1.0,600.0,29.1,380.7,3.0,3.0,176.49312289194245,False,False,False,Longer gap retained for sensitivity analysis; do not assume physical carryover,Well and groundwater outcomes present
1998,Saucelito ID,SAUCELITOID,12358.0,3280.0,15638.0,1.0,0.1,,21200.0,32800.0,Historical planning reference; verify against current contract and amendments,1998,Positive contractor Class 2 delivery and final Class 1 share at 100%,2007,9,First later year with final numeric Class 1 allocation below 100%,0.0,0.0,0.0,,122.15,270.65,16.0,16.0,165.7945675353876,False,False,False,Longer gap retained for sensitivity analysis; do not assume physical carryover,Well and groundwater outcomes present
1998,Shafter-Wasco ID,SHAFTERWASCOID,18502.0,3966.0,22468.0,1.0,0.1,,50000.0,39600.0,Historical planning reference; verify against current contract and amendments,1998,Positive contractor Class 2 delivery and final Class 1 share at 100%,2007,9,First later year with final numeric Class 1 allocation below 100%,0.0,0.0,0.0,,241.5,94.875,34.0,34.0,101.90442803633043,False,False,False,Longer gap retained for sensitivity analysis; do not assume physical carryover,Well and groundwater outcomes present
1998,Southern San Joaquin MUD,SOUTHERNSANJOAQUINMUD,56362.0,12406.0,68768.0,1.0,0.1,,97000.0,50000.0,Historical planning reference; verify against current contract and amendments,1998,Positive contractor Class 2 delivery and final Class 1 share at 100%,2007,9,First later year with final numeric Class 1 allocation below 100%,4.0,4.0,4.0,814.0,195.75,181.14,10.0,10.0,191.88180004087465,False,False,False,Longer gap retained for sensitivity analysis; do not assume physical carryover,Well and groundwater outcomes present
1998,Tulare ID,TULAREID,21297.0,24316.0,45613.0,1.0,0.1,,30000.0,141000.0,Historical planning reference; verify against current contract and amendments,1998,Positive contractor Class 2 delivery and final Class 1 share at 100%,2007,9,First later year with final numeric Class 1 allocation below 100%,11.0,11.0,11.0,440.0,99.1,174.22500000000002,24.0,24.0,338.12896572986523,False,False,False,Longer gap retained for sensitivity analysis; do not assume physical carryover,Well and groundwater outcomes present
1999,Arvin-Edison WSD,ARVINEDISONWSD,26583.0,70024.0,96607.0,1.0,0.2,,40000.0,311675.0,Historical planning reference; verify against current contract and amendments,1999,Positive contractor Class 2 delivery and final Class 1 share at 100%,2007,8,First later year with final numeric Class 1 allocation below 100%,3.0,3.0,3.0,930.0,283.7,179.5,23.0,24.0,528.4936696293878,False,False,False,Longer gap retained for sensitivity analysis; do not assume physical carryover,Well and groundwater outcomes present
1999,Chowchilla WD,CHOWCHILLAWD,76220.0,34574.0,110794.0,1.0,0.2,,55000.0,160000.0,Historical planning reference; verify against current contract and amendments,1999,Positive contractor Class 2 delivery and final Class 1 share at 100%,2007,8,First later year with final numeric Class 1 allocation below 100%,8.0,8.0,8.0,540.0,148.0,42.7,61.0,62.0,386.74965596470537,False,False,False,Longer gap retained for sensitivity analysis; do not assume physical carryover,Well and groundwater outcomes present
1999,Delano-Earlimart ID,DELANOEARLIMARTID,71929.0,2068.0,73997.0,1.0,0.2,,108800.0,74500.0,Historical planning reference; verify against current contract and amendments,1999,Positive contractor Class 2 delivery and final Class 1 share at 100%,2007,8,First later year with final numeric Class 1 allocation below 100%,3.0,3.0,3.0,920.0,160.0,207.17,33.0,33.0,36.66328645018921,False,False,False,Longer gap retained for sensitivity analysis; do not assume physical carryover,Well and groundwater outcomes present
1999,Exeter ID,EXETERID,11364.0,3800.0,15164.0,1.0,0.2,,11500.0,19000.0,Historical planning reference; verify against current contract and amendments,1999,Positive contractor Class 2 delivery and final Class 1 share at 100%,2007,8,First later year with final numeric Class 1 allocation below 100%,7.0,7.0,7.0,290.0,61.400000000000006,334.105,42.0,42.0,250.8002878108202,False,False,False,Longer gap retained for sensitivity analysis; do not assume physical carryover,Well and groundwater outcomes present
1999,Fresno ID,FRESNOID,0.0,27021.0,27021.0,1.0,0.2,,0.0,75000.0,Historical planning reference; verify against current contract and amendments,1999,Positive contractor Class 2 delivery and final Class 1 share at 100%,2007,8,First later year with final numeric Class 1 allocation below 100%,20.5,20.0,21.0,206.0,38.400000000000006,335.73,30.0,30.0,109.13351534596913,False,False,False,Longer gap retained for sensitivity analysis; do not assume physical carryover,Well and groundwater outcomes present
1999,Gravelly Ford WD,GRAVELLYFORDWD,,7458.0,,1.0,0.2,,0.0,14000.0,Historical planning reference; verify against current contract and amendments,1999,Positive contractor Class 2 delivery and final Class 1 share at 100%,2007,8,First later year with final numeric Class 1 allocation below 100%,0.0,0.0,0.0,,104.35,93.5,2.0,2.0,885.2026144971825,False,False,False,Longer gap retained for sensitivity analysis; do not assume physical carryover,Well and groundwater outcomes present
1999,Ivanhoe ID,IVANHOEID,7773.831168831169,100.0,7873.831168831169,1.0,0.2,,7700.0,7900.0,Historical planning reference; verify against current contract and amendments,1999,Positive contractor Class 2 delivery and final Class 1 share at 100%,2007,8,First later year with final numeric Class 1 allocation below 100%,12.0,12.0,12.0,245.0,72.6,306.89,41.0,41.0,9.123777108037242,False,False,False,Longer gap retained for sensitivity analysis; do not assume physical carryover,Well and groundwater outcomes present
1999,Lindmore ID,LINDMOREID,37417.0,4400.0,41817.0,1.0,0.2,,33000.0,22000.0,Historical planning reference; verify against current contract and amendments,1999,Positive contractor Class 2 delivery and final Class 1 share at 100%,2007,8,First later year with final numeric Class 1 allocation below 100%,8.0,8.0,8.0,410.0,53.95,307.39,130.0,132.0,159.3642100096651,False,False,False,Longer gap retained for sensitivity analysis; do not assume physical carryover,Well and groundwater outcomes present
1999,Lower Tule River ID,LOWERTULERIVERID,87194.0,48346.0,135540.0,1.0,0.2,,61200.0,238000.0,Historical planning reference; verify against current contract and amendments,1999,Positive contractor Class 2 delivery and final Class 1 share at 100%,2007,8,First later year with final numeric Class 1 allocation below 100%,27.0,27.0,27.0,560.0,98.0,194.2,95.0,96.0,469.0198720876625,False,False,False,Longer gap retained for sensitivity analysis; do not assume physical carryover,Well and groundwater outcomes present
1999,Madera ID,MADERAID,89171.0,37947.0,127118.0,1.0,0.2,,85000.0,186000.0,Historical planning reference; verify against current contract and amendments,1999,Positive contractor Class 2 delivery and final Class 1 share at 100%,2007,8,First later year with final numeric Class 1 allocation below 100%,18.0,18.0,18.0,520.0,113.6,131.06,85.0,85.0,260.3395089782545,False,False,False,Longer gap retained for sensitivity analysis; do not assume physical carryover,Well and groundwater outcomes present
1999,Porterville ID,PORTERVILLEID,18385.0,6000.0,24385.0,1.0,0.2,,16000.0,30000.0,Historical planning reference; verify against current contract and amendments,1999,Positive contractor Class 2 delivery and final Class 1 share at 100%,2007,8,First later year with final numeric Class 1 allocation below 100%,1.0,1.0,1.0,600.0,29.1,380.7,3.0,3.0,352.9862457838849,False,False,False,Longer gap retained for sensitivity analysis; do not assume physical carryover,Well and groundwater outcomes present
1999,Saucelito ID,SAUCELITOID,28678.0,6560.0,35238.0,1.0,0.2,,21200.0,32800.0,Historical planning reference; verify against current contract and amendments,1999,Positive contractor Class 2 delivery and final Class 1 share at 100%,2007,8,First later year with final numeric Class 1 allocation below 100%,0.0,0.0,0.0,,122.15,270.65,16.0,16.0,331.5891350707752,False,False,False,Longer gap retained for sensitivity analysis; do not assume physical carryover,Well and groundwater outcomes present
1999,Shafter-Wasco ID,SHAFTERWASCOID,64577.0,7834.0,72411.0,1.0,0.2,,50000.0,39600.0,Historical planning reference; verify against current contract and amendments,1999,Positive contractor Class 2 delivery and final Class 1 share at 100%,2007,8,First later year with final numeric Class 1 allocation below 100%,0.0,0.0,0.0,,241.5,94.875,34.0,34.0,201.2907940586517,False,False,False,Longer gap retained for sensitivity analysis; do not assume physical carryover,Well and groundwater outcomes present
1999,Southern San Joaquin MUD,SOUTHERNSANJOAQUINMUD,116775.0,9000.0,125775.0,1.0,0.2,,97000.0,50000.0,Historical planning reference; verify against current contract and amendments,1999,Positive contractor Class 2 delivery and final Class 1 share at 100%,2007,8,First later year with final numeric Class 1 allocation below 100%,4.0,4.0,4.0,814.0,195.75,181.14,10.0,10.0,139.20169275897726,False,False,False,Longer gap retained for sensitivity analysis; do not assume physical carryover,Well and groundwater outcomes present
2000,Arvin-Edison WSD,ARVINEDISONWSD,80774.0,117688.0,198462.0,1.0,0.17,The source annual total is printed as an overflow marker; usable delivery uses the contractor sum.,40000.0,311675.0,Historical planning reference; verify against current contract and amendments,2000,Positive contractor Class 2 delivery and final Class 1 share at 100%,2007,7,First later year with final numeric Class 1 allocation below 100%,3.0,3.0,3.0,930.0,283.7,179.5,23.0,24.0,888.2292212861789,False,False,False,Longer gap retained for sensitivity analysis; do not assume physical carryover,Well and groundwater outcomes present
2000,Chowchilla WD,CHOWCHILLAWD,51612.0,64814.0,116426.0,1.0,0.17,The source annual total is printed as an overflow marker; usable delivery uses the contractor sum.,55000.0,160000.0,Historical planning reference; verify against current contract and amendments,2000,Positive contractor Class 2 delivery and final Class 1 share at 100%,2007,7,First later year with final numeric Class 1 allocation below 100%,8.0,8.0,8.0,540.0,148.0,42.7,61.0,62.0,725.0185747005385,False,False,False,Longer gap retained for sensitivity analysis; do not assume physical carryover,Well and groundwater outcomes present
2000,Delano-Earlimart ID,DELANOEARLIMARTID,206775.0,42597.0,249372.0,1.0,0.17,The source annual total is printed as an overflow marker; usable delivery uses the contractor sum.,108800.0,74500.0,Historical planning reference; verify against current contract and amendments,2000,Positive contractor Class 2 delivery and final Class 1 share at 100%,2007,7,First later year with final numeric Class 1 allocation below 100%,3.0,3.0,3.0,920.0,160.0,207.17,33.0,33.0,755.1963311986024,False,False,False,Longer gap retained for sensitivity analysis; do not assume physical carryover,Well and groundwater outcomes present
2000,Exeter ID,EXETERID,11819.0,4639.0,16458.0,1.0,0.17,The source annual total is printed as an overflow marker; usable delivery uses the contractor sum.,11500.0,19000.0,Historical planning reference; verify against current contract and amendments,2000,Positive contractor Class 2 delivery and final Class 1 share at 100%,2007,7,First later year with final numeric Class 1 allocation below 100%,7.0,7.0,7.0,290.0,61.400000000000006,334.105,42.0,42.0,306.1743513564197,False,False,False,Longer gap retained for sensitivity analysis; do not assume physical carryover,Well and groundwater outcomes present
2000,Gravelly Ford WD,GRAVELLYFORDWD,,4430.0,,1.0,0.17,The source annual total is printed as an overflow marker; usable delivery uses the contractor sum.,0.0,14000.0,Historical planning reference; verify against current contract and amendments,2000,Positive contractor Class 2 delivery and final Class 1 share at 100%,2007,7,First later year with final numeric Class 1 allocation below 100%,0.0,0.0,0.0,,104.35,93.5,2.0,2.0,525.8041810435128,False,False,False,Longer gap retained for sensitivity analysis; do not assume physical carryover,Well and groundwater outcomes present
2000,Ivanhoe ID,IVANHOEID,5695.519480519481,121.39240506329115,5816.911885582772,1.0,0.17,The source annual total is printed as an overflow marker; usable delivery uses the contractor sum.,7700.0,7900.0,Historical planning reference; verify against current contract and amendments,2000,Positive contractor Class 2 delivery and final Class 1 share at 100%,2007,7,First later year with final numeric Class 1 allocation below 100%,12.0,12.0,12.0,245.0,72.6,306.89,41.0,41.0,11.0755724640604,False,False,False,Longer gap retained for sensitivity analysis; do not assume physical carryover,Well and groundwater outcomes present
2000,Lindmore ID,LINDMOREID,32183.0,9688.0,41871.0,1.0,0.17,The source annual total is printed as an overflow marker; usable delivery uses the contractor sum.,33000.0,22000.0,Historical planning reference; verify against current contract and amendments,2000,Positive contractor Class 2 delivery and final Class 1 share at 100%,2007,7,First later year with final numeric Class 1 allocation below 100%,8.0,8.0,8.0,410.0,53.95,307.39,130.0,132.0,350.89101513037167,False,False,False,Longer gap retained for sensitivity analysis; do not assume physical carryover,Well and groundwater outcomes present
2000,Lower Tule River ID,LOWERTULERIVERID,59591.0,140157.0,199748.0,1.0,0.17,The source annual total is printed as an overflow marker; usable delivery uses the contractor sum.,61200.0,238000.0,Historical planning reference; verify against current contract and amendments,2000,Positive contractor Class 2 delivery and final Class 1 share at 100%,2007,7,First later year with final numeric Class 1 allocation below 100%,27.0,27.0,27.0,560.0,98.0,194.2,95.0,96.0,1359.707487945032,False,False,False,Longer gap retained for sensitivity analysis; do not assume physical carryover,Well and groundwater outcomes present
2000,Madera ID,MADERAID,70571.0,60789.0,131360.0,1.0,0.17,The source annual total is printed as an overflow marker; usable delivery uses the contractor sum.,85000.0,186000.0,Historical planning reference; verify against current contract and amendments,2000,Positive contractor Class 2 delivery and final Class 1 share at 100%,2007,7,First later year with final numeric Class 1 allocation below 100%,18.0,18.0,18.0,520.0,113.6,131.06,85.0,85.0,417.0495272690625,False,False,False,Longer gap retained for sensitivity analysis; do not assume physical carryover,Well and groundwater outcomes present
2000,Porterville ID,PORTERVILLEID,14693.0,8154.0,22847.0,1.0,0.17,The source annual total is printed as an overflow marker; usable delivery uses the contractor sum.,16000.0,30000.0,Historical planning reference; verify against current contract and amendments,2000,Positive contractor Class 2 delivery and final Class 1 share at 100%,2007,7,First later year with final numeric Class 1 allocation below 100%,1.0,1.0,1.0,600.0,29.1,380.7,3.0,3.0,479.70830802029957,False,False,False,Longer gap retained for sensitivity analysis; do not assume physical carryover,Well and groundwater outcomes present
2000,Saucelito ID,SAUCELITOID,20712.0,19337.0,40049.0,1.0,0.17,The source annual total is printed as an overflow marker; usable delivery uses the contractor sum.,21200.0,32800.0,Historical planning reference; verify against current contract and amendments,2000,Positive contractor Class 2 delivery and final Class 1 share at 100%,2007,7,First later year with final numeric Class 1 allocation below 100%,0.0,0.0,0.0,,122.15,270.65,16.0,16.0,977.4297415950581,False,False,False,Longer gap retained for sensitivity analysis; do not assume physical carryover,Well and groundwater outcomes present
2000,Shafter-Wasco ID,SHAFTERWASCOID,57545.0,14189.0,71734.0,1.0,0.17,The source annual total is printed as an overflow marker; usable delivery uses the contractor sum.,50000.0,39600.0,Historical planning reference; verify against current contract and amendments,2000,Positive contractor Class 2 delivery and final Class 1 share at 100%,2007,7,First later year with final numeric Class 1 allocation below 100%,0.0,0.0,0.0,,241.5,94.875,34.0,34.0,364.5794073140425,False,False,False,Longer gap retained for sensitivity analysis; do not assume physical carryover,Well and groundwater outcomes present
2000,Southern San Joaquin MUD,SOUTHERNSANJOAQUINMUD,121599.0,10544.0,132143.0,1.0,0.17,The source annual total is printed as an overflow marker; usable delivery uses the contractor sum.,97000.0,50000.0,Historical planning reference; verify against current contract and amendments,2000,Positive contractor Class 2 delivery and final Class 1 share at 100%,2007,7,First later year with final numeric Class 1 allocation below 100%,4.0,4.0,4.0,814.0,195.75,181.14,10.0,10.0,163.08251649451736,False,False,False,Longer gap retained for sensitivity analysis; do not assume physical carryover,Well and groundwater outcomes present
2000,Tulare ID,TULAREID,73323.0,85594.0,158917.0,1.0,0.17,The source annual total is printed as an overflow marker; usable delivery uses the contractor sum.,30000.0,141000.0,Historical planning reference; verify against current contract and amendments,2000,Positive contractor Class 2 delivery and final Class 1 share at 100%,2007,7,First later year with final numeric Class 1 allocation below 100%,11.0,11.0,11.0,440.0,99.1,174.22500000000002,24.0,24.0,1190.2373208044944,False,False,False,Longer gap retained for sensitivity analysis; do not assume physical carryover,Well and groundwater outcomes present
2001,Arvin-Edison WSD,ARVINEDISONWSD,61846.0,10740.0,72586.0,1.0,0.05,,40000.0,311675.0,Historical planning reference; verify against current contract and amendments,2001,Positive contractor Class 2 delivery and final Class 1 share at 100%,2007,6,First later year with final numeric Class 1 allocation below 100%,3.0,3.0,3.0,930.0,283.7,179.5,23.0,24.0,81.05823734461934,False,False,False,Longer gap retained for sensitivity analysis; do not assume physical carryover,Well and groundwater outcomes present
2001,Chowchilla WD,CHOWCHILLAWD,58953.0,4800.0,63753.0,1.0,0.05,,55000.0,160000.0,Historical planning reference; verify against current contract and amendments,2001,Positive contractor Class 2 delivery and final Class 1 share at 100%,2007,6,First later year with final numeric Class 1 allocation below 100%,8.0,8.0,8.0,540.0,148.0,42.7,61.0,62.0,53.69347916441794,False,False,False,Longer gap retained for sensitivity analysis; do not assume physical carryover,Well and groundwater outcomes present
2001,Delano-Earlimart ID,DELANOEARLIMARTID,105740.0,6230.0,111970.0,1.0,0.05,,108800.0,74500.0,Historical planning reference; verify against current contract and amendments,2001,Positive contractor Class 2 delivery and final Class 1 share at 100%,2007,6,First later year with final numeric Class 1 allocation below 100%,3.0,3.0,3.0,920.0,160.0,207.17,33.0,33.0,110.45080976048298,False,False,False,Longer gap retained for sensitivity analysis; do not assume physical carryover,Well and groundwater outcomes present
2001,Exeter ID,EXETERID,11747.0,1330.0,13077.0,1.0,0.05,,11500.0,19000.0,Historical planning reference; verify against current contract and amendments,2001,Positive contractor Class 2 delivery and final Class 1 share at 100%,2007,6,First later year with final numeric Class 1 allocation below 100%,7.0,7.0,7.0,290.0,61.400000000000006,334.105,42.0,42.0,87.78010073378707,False,False,False,Longer gap retained for sensitivity analysis; do not assume physical carryover,Well and groundwater outcomes present
2001,Fresno ID,FRESNOID,0.0,3335.0,3335.0,1.0,0.05,,0.0,75000.0,Historical planning reference; verify against current contract and amendments,2001,Positive contractor Class 2 delivery and final Class 1 share at 100%,2007,6,First later year with final numeric Class 1 allocation below 100%,20.5,20.0,21.0,206.0,38.400000000000006,335.73,30.0,30.0,13.469533832160431,False,False,False,Longer gap retained for sensitivity analysis; do not assume physical carryover,Well and groundwater outcomes present
2001,Gravelly Ford WD,GRAVELLYFORDWD,,3586.0,,1.0,0.05,,0.0,14000.0,Historical planning reference; verify against current contract and amendments,2001,Positive contractor Class 2 delivery and final Class 1 share at 100%,2007,6,First later year with final numeric Class 1 allocation below 100%,0.0,0.0,0.0,,104.35,93.5,2.0,2.0,425.62839576118216,False,False,False,Longer gap retained for sensitivity analysis; do not assume physical carryover,Well and groundwater outcomes present
2001,Ivanhoe ID,IVANHOEID,6701.7532467532465,25.0,6726.7532467532465,1.0,0.05,,7700.0,7900.0,Historical planning reference; verify against current contract and amendments,2001,Positive contractor Class 2 delivery and final Class 1 share at 100%,2007,6,First later year with final numeric Class 1 allocation below 100%,12.0,12.0,12.0,245.0,72.6,306.89,41.0,41.0,2.2809442770093105,False,False,False,Longer gap retained for sensitivity analysis; do not assume physical carryover,Well and groundwater outcomes present
2001,Lindmore ID,LINDMOREID,37773.0,1100.0,38873.0,1.0,0.05,,33000.0,22000.0,Historical planning reference; verify against current contract and amendments,2001,Positive contractor Class 2 delivery and final Class 1 share at 100%,2007,6,First later year with final numeric Class 1 allocation below 100%,8.0,8.0,8.0,410.0,53.95,307.39,130.0,132.0,39.841052502416275,False,False,False,Longer gap retained for sensitivity analysis; do not assume physical carryover,Well and groundwater outcomes present
2001,Lower Tule River ID,LOWERTULERIVERID,71199.0,10684.0,81883.0,1.0,0.05,,61200.0,238000.0,Historical planning reference; verify against current contract and amendments,2001,Positive contractor Class 2 delivery and final Class 1 share at 100%,2007,6,First later year with final numeric Class 1 allocation below 100%,27.0,27.0,27.0,560.0,98.0,194.2,95.0,96.0,103.64887091764751,False,False,False,Longer gap retained for sensitivity analysis; do not assume physical carryover,Well and groundwater outcomes present
2001,Madera ID,MADERAID,104397.0,16092.0,120489.0,1.0,0.05,,85000.0,186000.0,Historical planning reference; verify against current contract and amendments,2001,Positive contractor Class 2 delivery and final Class 1 share at 100%,2007,6,First later year with final numeric Class 1 allocation below 100%,18.0,18.0,18.0,520.0,113.6,131.06,85.0,85.0,110.40091123087653,False,False,False,Longer gap retained for sensitivity analysis; do not assume physical carryover,Well and groundwater outcomes present
2001,Porterville ID,PORTERVILLEID,14548.0,2100.0,16648.0,1.0,0.05,,16000.0,30000.0,Historical planning reference; verify against current contract and amendments,2001,Positive contractor Class 2 delivery and final Class 1 share at 100%,2007,6,First later year with final numeric Class 1 allocation below 100%,1.0,1.0,1.0,600.0,29.1,380.7,3.0,3.0,123.54518602435971,False,False,False,Longer gap retained for sensitivity analysis; do not assume physical carryover,Well and groundwater outcomes present
2001,Saucelito ID,SAUCELITOID,22367.0,1640.0,24007.0,1.0,0.05,,21200.0,32800.0,Historical planning reference; verify against current contract and amendments,2001,Positive contractor Class 2 delivery and final Class 1 share at 100%,2007,6,First later year with final numeric Class 1 allocation below 100%,0.0,0.0,0.0,,122.15,270.65,16.0,16.0,82.8972837676938,False,False,False,Longer gap retained for sensitivity analysis; do not assume physical carryover,Well and groundwater outcomes present
2001,Shafter-Wasco ID,SHAFTERWASCOID,55149.0,1493.0,56642.0,1.0,0.05,,50000.0,39600.0,Historical planning reference; verify against current contract and amendments,2001,Positive contractor Class 2 delivery and final Class 1 share at 100%,2007,6,First later year with final numeric Class 1 allocation below 100%,0.0,0.0,0.0,,241.5,94.875,34.0,34.0,38.36190394811934,False,False,False,Longer gap retained for sensitivity analysis; do not assume physical carryover,Well and groundwater outcomes present
2001,Southern San Joaquin MUD,SOUTHERNSANJOAQUINMUD,96037.0,2250.0,98287.0,1.0,0.05,,97000.0,50000.0,Historical planning reference; verify against current contract and amendments,2001,Positive contractor Class 2 delivery and final Class 1 share at 100%,2007,6,First later year with final numeric Class 1 allocation below 100%,4.0,4.0,4.0,814.0,195.75,181.14,10.0,10.0,34.800423189744315,False,False,False,Longer gap retained for sensitivity analysis; do not assume physical carryover,Well and groundwater outcomes present
2001,Tulare ID,TULAREID,28038.0,6464.0,34502.0,1.0,0.05,,30000.0,141000.0,Historical planning reference; verify against current contract and amendments,2001,Positive contractor Class 2 delivery and final Class 1 share at 100%,2007,6,First later year with final numeric Class 1 allocation below 100%,11.0,11.0,11.0,440.0,99.1,174.22500000000002,24.0,24.0,89.8859037044682,False,False,False,Longer gap retained for sensitivity analysis; do not assume physical carryover,Well and groundwater outcomes present
2002,Arvin-Edison WSD,ARVINEDISONWSD,26930.0,33394.0,60324.0,1.0,0.08,,40000.0,311675.0,Historical planning reference; verify against current contract and amendments,2002,Positive contractor Class 2 delivery and final Class 1 share at 100%,2007,5,First later year with final numeric Class 1 allocation below 100%,3.0,3.0,3.0,930.0,283.7,179.5,23.0,24.0,252.03526795961062,False,False,False,Longer gap retained for sensitivity analysis; do not assume physical carryover,Well and groundwater outcomes present
2002,Chowchilla WD,CHOWCHILLAWD,55073.0,14538.0,69611.0,1.0,0.08,,55000.0,160000.0,Historical planning reference; verify against current contract and amendments,2002,Positive contractor Class 2 delivery and final Class 1 share at 100%,2007,5,First later year with final numeric Class 1 allocation below 100%,8.0,8.0,8.0,540.0,148.0,42.7,61.0,62.0,162.62412501923086,False,False,False,Longer gap retained for sensitivity analysis; do not assume physical carryover,Well and groundwater outcomes present
2002,Delano-Earlimart ID,DELANOEARLIMARTID,119156.0,6000.0,125156.0,1.0,0.08,,108800.0,74500.0,Historical planning reference; verify against current contract and amendments,2002,Positive contractor Class 2 delivery and final Class 1 share at 100%,2007,5,First later year with final numeric Class 1 allocation below 100%,3.0,3.0,3.0,920.0,160.0,207.17,33.0,33.0,106.37317151892421,False,False,False,Longer gap retained for sensitivity analysis; do not assume physical carryover,Well and groundwater outcomes present
2002,Exeter ID,EXETERID,10438.0,1737.0,12175.0,1.0,0.08,,11500.0,19000.0,Historical planning reference; verify against current contract and amendments,2002,Positive contractor Class 2 delivery and final Class 1 share at 100%,2007,5,First later year with final numeric Class 1 allocation below 100%,7.0,7.0,7.0,290.0,61.400000000000006,334.105,42.0,42.0,114.64213155984072,False,False,False,Longer gap retained for sensitivity analysis; do not assume physical carryover,Well and groundwater outcomes present
2002,Fresno ID,FRESNOID,0.0,6503.0,6503.0,1.0,0.08,,0.0,75000.0,Historical planning reference; verify against current contract and amendments,2002,Positive contractor Class 2 delivery and final Class 1 share at 100%,2007,5,First later year with final numeric Class 1 allocation below 100%,20.5,20.0,21.0,206.0,38.400000000000006,335.73,30.0,30.0,26.26458126253052,False,False,False,Longer gap retained for sensitivity analysis; do not assume physical carryover,Well and groundwater outcomes present
2002,Gravelly Ford WD,GRAVELLYFORDWD,,8285.0,,1.0,0.08,,0.0,14000.0,Historical planning reference; verify against current contract and amendments,2002,Positive contractor Class 2 delivery and final Class 1 share at 100%,2007,5,First later year with final numeric Class 1 allocation below 100%,0.0,0.0,0.0,,104.35,93.5,2.0,2.0,983.3606410712198,False,False,False,Longer gap retained for sensitivity analysis; do not assume physical carryover,Well and groundwater outcomes present
2002,Ivanhoe ID,IVANHOEID,6646.883116883117,45.696202531645575,6692.579319414762,1.0,0.08,,7700.0,7900.0,Historical planning reference; verify against current contract and amendments,2002,Positive contractor Class 2 delivery and final Class 1 share at 100%,2007,5,First later year with final numeric Class 1 allocation below 100%,12.0,12.0,12.0,245.0,72.6,306.89,41.0,41.0,4.169219665824614,False,False,False,Longer gap retained for sensitivity analysis; do not assume physical carryover,Well and groundwater outcomes present
2002,Lindmore ID,LINDMOREID,30345.0,2011.0,32356.0,1.0,0.08,,33000.0,22000.0,Historical planning reference; verify against current contract and amendments,2002,Positive contractor Class 2 delivery and final Class 1 share at 100%,2007,5,First later year with final numeric Class 1 allocation below 100%,8.0,8.0,8.0,410.0,53.95,307.39,130.0,132.0,72.83668780214467,False,False,False,Longer gap retained for sensitivity analysis; do not assume physical carryover,Well and groundwater outcomes present
2002,Lower Tule River ID,LOWERTULERIVERID,58967.0,27736.0,86703.0,1.0,0.08,,61200.0,238000.0,Historical planning reference; verify against current contract and amendments,2002,Positive contractor Class 2 delivery and final Class 1 share at 100%,2007,5,First later year with final numeric Class 1 allocation below 100%,27.0,27.0,27.0,560.0,98.0,194.2,95.0,96.0,269.0757285447278,False,False,False,Longer gap retained for sensitivity analysis; do not assume physical carryover,Well and groundwater outcomes present
2002,Madera ID,MADERAID,89142.0,17012.0,106154.0,1.0,0.08,,85000.0,186000.0,Historical planning reference; verify against current contract and amendments,2002,Positive contractor Class 2 delivery and final Class 1 share at 100%,2007,5,First later year with final numeric Class 1 allocation below 100%,18.0,18.0,18.0,520.0,113.6,131.06,85.0,85.0,116.71267100793384,False,False,False,Longer gap retained for sensitivity analysis; do not assume physical carryover,Well and groundwater outcomes present
2002,Porterville ID,PORTERVILLEID,16241.0,2743.0,18984.0,1.0,0.08,,16000.0,30000.0,Historical planning reference; verify against current contract and amendments,2002,Positive contractor Class 2 delivery and final Class 1 share at 100%,2007,5,First later year with final numeric Class 1 allocation below 100%,1.0,1.0,1.0,600.0,29.1,380.7,3.0,3.0,161.37354536419937,False,False,False,Longer gap retained for sensitivity analysis; do not assume physical carryover,Well and groundwater outcomes present
2002,Saucelito ID,SAUCELITOID,21188.0,2999.0,24187.0,1.0,0.08,,21200.0,32800.0,Historical planning reference; verify against current contract and amendments,2002,Positive contractor Class 2 delivery and final Class 1 share at 100%,2007,5,First later year with final numeric Class 1 allocation below 100%,0.0,0.0,0.0,,122.15,270.65,16.0,16.0,151.5908256215328,False,False,False,Longer gap retained for sensitivity analysis; do not assume physical carryover,Well and groundwater outcomes present
2002,Shafter-Wasco ID,SHAFTERWASCOID,47322.0,3617.0,50939.0,1.0,0.08,,50000.0,39600.0,Historical planning reference; verify against current contract and amendments,2002,Positive contractor Class 2 delivery and final Class 1 share at 100%,2007,5,First later year with final numeric Class 1 allocation below 100%,0.0,0.0,0.0,,241.5,94.875,34.0,34.0,92.93704392521612,False,False,False,Longer gap retained for sensitivity analysis; do not assume physical carryover,Well and groundwater outcomes present
2002,Southern San Joaquin MUD,SOUTHERNSANJOAQUINMUD,100978.0,4114.0,105092.0,1.0,0.08,,97000.0,50000.0,Historical planning reference; verify against current contract and amendments,2002,Positive contractor Class 2 delivery and final Class 1 share at 100%,2007,5,First later year with final numeric Class 1 allocation below 100%,4.0,4.0,4.0,814.0,195.75,181.14,10.0,10.0,63.630640445603596,False,False,False,Longer gap retained for sensitivity analysis; do not assume physical carryover,Well and groundwater outcomes present
2002,Tulare ID,TULAREID,40906.0,8921.0,49827.0,1.0,0.08,,30000.0,141000.0,Historical planning reference; verify against current contract and amendments,2002,Positive contractor Class 2 delivery and final Class 1 share at 100%,2007,5,First later year with final numeric Class 1 allocation below 100%,11.0,11.0,11.0,440.0,99.1,174.22500000000002,24.0,24.0,124.05200293124393,False,False,False,Longer gap retained for sensitivity analysis; do not assume physical carryover,Well and groundwater outcomes present
2003,Arvin-Edison WSD,ARVINEDISONWSD,39102.0,48147.0,87249.0,1.0,0.05,"The source contains an unlabelled 10,270 AF row. It is retained so the contractor sum reconciles to the printed total.",40000.0,311675.0,Historical planning reference; verify against current contract and amendments,2003,Positive contractor Class 2 delivery and final Class 1 share at 100%,2007,4,First later year with final numeric Class 1 allocation below 100%,3.0,3.0,3.0,930.0,283.7,179.5,23.0,24.0,363.3809081407251,False,False,False,Longer gap retained for sensitivity analysis; do not assume physical carryover,Well and groundwater outcomes present
2003,Chowchilla WD,CHOWCHILLAWD,54511.0,33812.0,88323.0,1.0,0.05,"The source contains an unlabelled 10,270 AF row. It is retained so the contractor sum reconciles to the printed total.",55000.0,160000.0,Historical planning reference; verify against current contract and amendments,2003,Positive contractor Class 2 delivery and final Class 1 share at 100%,2007,4,First later year with final numeric Class 1 allocation below 100%,8.0,8.0,8.0,540.0,148.0,42.7,61.0,62.0,378.225816147354,False,False,False,Longer gap retained for sensitivity analysis; do not assume physical carryover,Well and groundwater outcomes present
2003,Delano-Earlimart ID,DELANOEARLIMARTID,97541.0,30595.0,128136.0,1.0,0.05,"The source contains an unlabelled 10,270 AF row. It is retained so the contractor sum reconciles to the printed total.",108800.0,74500.0,Historical planning reference; verify against current contract and amendments,2003,Positive contractor Class 2 delivery and final Class 1 share at 100%,2007,4,First later year with final numeric Class 1 allocation below 100%,3.0,3.0,3.0,920.0,160.0,207.17,33.0,33.0,542.4145304369143,False,False,False,Longer gap retained for sensitivity analysis; do not assume physical carryover,Well and groundwater outcomes present
2003,Exeter ID,EXETERID,10460.0,2075.0,12535.0,1.0,0.05,"The source contains an unlabelled 10,270 AF row. It is retained so the contractor sum reconciles to the printed total.",11500.0,19000.0,Historical planning reference; verify against current contract and amendments,2003,Positive contractor Class 2 delivery and final Class 1 share at 100%,2007,4,First later year with final numeric Class 1 allocation below 100%,7.0,7.0,7.0,290.0,61.400000000000006,334.105,42.0,42.0,136.9501571598558,False,False,False,Longer gap retained for sensitivity analysis; do not assume physical carryover,Well and groundwater outcomes present
2003,Fresno ID,FRESNOID,0.0,3884.0,3884.0,1.0,0.05,"The source contains an unlabelled 10,270 AF row. It is retained so the contractor sum reconciles to the printed total.",0.0,75000.0,Historical planning reference; verify against current contract and amendments,2003,Positive contractor Class 2 delivery and final Class 1 share at 100%,2007,4,First later year with final numeric Class 1 allocation below 100%,20.5,20.0,21.0,206.0,38.400000000000006,335.73,30.0,30.0,15.686857392537068,False,False,False,Longer gap retained for sensitivity analysis; do not assume physical carryover,Well and groundwater outcomes present
2003,Gravelly Ford WD,GRAVELLYFORDWD,,8018.0,,1.0,0.05,"The source contains an unlabelled 10,270 AF row. It is retained so the contractor sum reconciles to the printed total.",0.0,14000.0,Historical planning reference; verify against current contract and amendments,2003,Positive contractor Class 2 delivery and final Class 1 share at 100%,2007,4,First later year with final numeric Class 1 allocation below 100%,0.0,0.0,0.0,,104.35,93.5,2.0,2.0,951.6699601821413,False,False,False,Longer gap retained for sensitivity analysis; do not assume physical carryover,Well and groundwater outcomes present
2003,Ivanhoe ID,IVANHOEID,6695.0,264.36708860759495,6959.367088607595,1.0,0.05,"The source contains an unlabelled 10,270 AF row. It is retained so the contractor sum reconciles to the printed total.",7700.0,7900.0,Historical planning reference; verify against current contract and amendments,2003,Positive contractor Class 2 delivery and final Class 1 share at 100%,2007,4,First later year with final numeric Class 1 allocation below 100%,12.0,12.0,12.0,245.0,72.6,306.89,41.0,41.0,24.120263911564283,False,False,False,Longer gap retained for sensitivity analysis; do not assume physical carryover,Well and groundwater outcomes present
2003,Lindmore ID,LINDMOREID,32315.0,5480.0,37795.0,1.0,0.05,"The source contains an unlabelled 10,270 AF row. It is retained so the contractor sum reconciles to the printed total.",33000.0,22000.0,Historical planning reference; verify against current contract and amendments,2003,Positive contractor Class 2 delivery and final Class 1 share at 100%,2007,4,First later year with final numeric Class 1 allocation below 100%,8.0,8.0,8.0,410.0,53.95,307.39,130.0,132.0,198.48087973931015,False,False,False,Longer gap retained for sensitivity analysis; do not assume physical carryover,Well and groundwater outcomes present
2003,Lower Tule River ID,LOWERTULERIVERID,42965.0,61135.0,104100.0,1.0,0.05,"The source contains an unlabelled 10,270 AF row. It is retained so the contractor sum reconciles to the printed total.",61200.0,238000.0,Historical planning reference; verify against current contract and amendments,2003,Positive contractor Class 2 delivery and final Class 1 share at 100%,2007,4,First later year with final numeric Class 1 allocation below 100%,27.0,27.0,27.0,560.0,98.0,194.2,95.0,96.0,593.0900153079726,False,False,False,Longer gap retained for sensitivity analysis; do not assume physical carryover,Well and groundwater outcomes present
2003,Madera ID,MADERAID,69821.0,44612.0,114433.0,1.0,0.05,"The source contains an unlabelled 10,270 AF row. It is retained so the contractor sum reconciles to the printed total.",85000.0,186000.0,Historical planning reference; verify against current contract and amendments,2003,Positive contractor Class 2 delivery and final Class 1 share at 100%,2007,4,First later year with final numeric Class 1 allocation below 100%,18.0,18.0,18.0,520.0,113.6,131.06,85.0,85.0,306.0654643196535,False,False,False,Longer gap retained for sensitivity analysis; do not assume physical carryover,Well and groundwater outcomes present
2003,Porterville ID,PORTERVILLEID,15671.0,10704.0,26375.0,1.0,0.05,"The source contains an unlabelled 10,270 AF row. It is retained so the contractor sum reconciles to the printed total.",16000.0,30000.0,Historical planning reference; verify against current contract and amendments,2003,Positive contractor Class 2 delivery and final Class 1 share at 100%,2007,4,First later year with final numeric Class 1 allocation below 100%,1.0,1.0,1.0,600.0,29.1,380.7,3.0,3.0,629.7274624784505,False,False,False,Longer gap retained for sensitivity analysis; do not assume physical carryover,Well and groundwater outcomes present
2003,Saucelito ID,SAUCELITOID,21651.0,9497.0,31148.0,1.0,0.05,"The source contains an unlabelled 10,270 AF row. It is retained so the contractor sum reconciles to the printed total.",21200.0,32800.0,Historical planning reference; verify against current contract and amendments,2003,Positive contractor Class 2 delivery and final Class 1 share at 100%,2007,4,First later year with final numeric Class 1 allocation below 100%,0.0,0.0,0.0,,122.15,270.65,16.0,16.0,480.0460389888952,False,False,False,Longer gap retained for sensitivity analysis; do not assume physical carryover,Well and groundwater outcomes present
2003,Shafter-Wasco ID,SHAFTERWASCOID,43719.0,15043.0,58762.0,1.0,0.05,"The source contains an unlabelled 10,270 AF row. It is retained so the contractor sum reconciles to the printed total.",50000.0,39600.0,Historical planning reference; verify against current contract and amendments,2003,Positive contractor Class 2 delivery and final Class 1 share at 100%,2007,4,First later year with final numeric Class 1 allocation below 100%,0.0,0.0,0.0,,241.5,94.875,34.0,34.0,386.52251915040813,False,False,False,Longer gap retained for sensitivity analysis; do not assume physical carryover,Well and groundwater outcomes present
2003,Southern San Joaquin MUD,SOUTHERNSANJOAQUINMUD,99641.0,19406.0,119047.0,1.0,0.05,"The source contains an unlabelled 10,270 AF row. It is retained so the contractor sum reconciles to the printed total.",97000.0,50000.0,Historical planning reference; verify against current contract and amendments,2003,Positive contractor Class 2 delivery and final Class 1 share at 100%,2007,4,First later year with final numeric Class 1 allocation below 100%,4.0,4.0,4.0,814.0,195.75,181.14,10.0,10.0,300.14978329785697,False,False,False,Longer gap retained for sensitivity analysis; do not assume physical carryover,Well and groundwater outcomes present
2003,Tulare ID,TULAREID,31334.0,40206.0,71540.0,1.0,0.05,"The source contains an unlabelled 10,270 AF row. It is retained so the contractor sum reconciles to the printed total.",30000.0,141000.0,Historical planning reference; verify against current contract and amendments,2003,Positive contractor Class 2 delivery and final Class 1 share at 100%,2007,4,First later year with final numeric Class 1 allocation below 100%,11.0,11.0,11.0,440.0,99.1,174.22500000000002,24.0,24.0,559.089208592489,False,False,False,Longer gap retained for sensitivity analysis; do not assume physical carryover,Well and groundwater outcomes present
2004,Arvin-Edison WSD,ARVINEDISONWSD,70270.0,6377.0,76647.0,1.0,0.08,,40000.0,311675.0,Historical planning reference; verify against current contract and amendments,2004,Positive contractor Class 2 delivery and final Class 1 share at 100%,2007,3,First later year with final numeric Class 1 allocation below 100%,3.0,3.0,3.0,930.0,283.7,179.5,23.0,24.0,48.12927183860685,False,True,True,Primary 1-3 year carryover window,Well and groundwater outcomes present
2004,Chowchilla WD,CHOWCHILLAWD,55000.0,13991.0,68991.0,1.0,0.08,,55000.0,160000.0,Historical planning reference; verify against current contract and amendments,2004,Positive contractor Class 2 delivery and final Class 1 share at 100%,2007,3,First later year with final numeric Class 1 allocation below 100%,8.0,8.0,8.0,540.0,148.0,42.7,61.0,62.0,156.5053056227857,False,True,True,Primary 1-3 year carryover window,Well and groundwater outcomes present
2004,Delano-Earlimart ID,DELANOEARLIMARTID,107320.0,5960.0,113280.0,1.0,0.08,,108800.0,74500.0,Historical planning reference; verify against current contract and amendments,2004,Positive contractor Class 2 delivery and final Class 1 share at 100%,2007,3,First later year with final numeric Class 1 allocation below 100%,3.0,3.0,3.0,920.0,160.0,207.17,33.0,33.0,105.66401704213138,False,True,True,Primary 1-3 year carryover window,Well and groundwater outcomes present
2004,Exeter ID,EXETERID,10578.0,1520.0,12098.0,1.0,0.08,,11500.0,19000.0,Historical planning reference; verify against current contract and amendments,2004,Positive contractor Class 2 delivery and final Class 1 share at 100%,2007,3,First later year with final numeric Class 1 allocation below 100%,7.0,7.0,7.0,290.0,61.400000000000006,334.105,42.0,42.0,100.3201151243281,False,True,True,Primary 1-3 year carryover window,Well and groundwater outcomes present
2004,Fresno ID,FRESNOID,0.0,5450.0,5450.0,1.0,0.08,,0.0,75000.0,Historical planning reference; verify against current contract and amendments,2004,Positive contractor Class 2 delivery and final Class 1 share at 100%,2007,3,First later year with final numeric Class 1 allocation below 100%,20.5,20.0,21.0,206.0,38.400000000000006,335.73,30.0,30.0,22.01168197459501,False,True,True,Primary 1-3 year carryover window,Well and groundwater outcomes present
2004,Gravelly Ford WD,GRAVELLYFORDWD,,11596.0,,1.0,0.08,,0.0,14000.0,Historical planning reference; verify against current contract and amendments,2004,Positive contractor Class 2 delivery and final Class 1 share at 100%,2007,3,First later year with final numeric Class 1 allocation below 100%,0.0,0.0,0.0,,104.35,93.5,2.0,2.0,1376.3488224335383,False,True,True,Primary 1-3 year carryover window,Well and groundwater outcomes present
2004,Ivanhoe ID,IVANHOEID,5839.0259740259735,40.0,5879.0259740259735,1.0,0.08,,7700.0,7900.0,Historical planning reference; verify against current contract and amendments,2004,Positive contractor Class 2 delivery and final Class 1 share at 100%,2007,3,First later year with final numeric Class 1 allocation below 100%,12.0,12.0,12.0,245.0,72.6,306.89,41.0,41.0,3.6495108432148973,False,True,True,Primary 1-3 year carryover window,Well and groundwater outcomes present
2004,Lindmore ID,LINDMOREID,33559.0,1760.0,35319.0,1.0,0.08,,33000.0,22000.0,Historical planning reference; verify against current contract and amendments,2004,Positive contractor Class 2 delivery and final Class 1 share at 100%,2007,3,First later year with final numeric Class 1 allocation below 100%,8.0,8.0,8.0,410.0,53.95,307.39,130.0,132.0,63.745684003866046,False,True,True,Primary 1-3 year carryover window,Well and groundwater outcomes present
2004,Lower Tule River ID,LOWERTULERIVERID,76682.0,30819.0,107501.0,1.0,0.08,,61200.0,238000.0,Historical planning reference; verify against current contract and amendments,2004,Positive contractor Class 2 delivery and final Class 1 share at 100%,2007,3,First later year with final numeric Class 1 allocation below 100%,27.0,27.0,27.0,560.0,98.0,194.2,95.0,96.0,298.98488888159665,False,True,True,Primary 1-3 year carryover window,Well and groundwater outcomes present
2004,Madera ID,MADERAID,103932.0,14880.0,118812.0,1.0,0.08,,85000.0,186000.0,Historical planning reference; verify against current contract and amendments,2004,Positive contractor Class 2 delivery and final Class 1 share at 100%,2007,3,First later year with final numeric Class 1 allocation below 100%,18.0,18.0,18.0,520.0,113.6,131.06,85.0,85.0,102.08585378544883,False,True,True,Primary 1-3 year carryover window,Well and groundwater outcomes present
2004,Porterville ID,PORTERVILLEID,15129.0,1500.0,16629.0,1.0,0.08,,16000.0,30000.0,Historical planning reference; verify against current contract and amendments,2004,Positive contractor Class 2 delivery and final Class 1 share at 100%,2007,3,First later year with final numeric Class 1 allocation below 100%,1.0,1.0,1.0,600.0,29.1,380.7,3.0,3.0,88.24656144597122,False,True,True,Primary 1-3 year carryover window,Well and groundwater outcomes present
2004,Saucelito ID,SAUCELITOID,21822.0,2624.0,24446.0,1.0,0.08,,21200.0,32800.0,Historical planning reference; verify against current contract and amendments,2004,Positive contractor Class 2 delivery and final Class 1 share at 100%,2007,3,First later year with final numeric Class 1 allocation below 100%,0.0,0.0,0.0,,122.15,270.65,16.0,16.0,132.63565402831009,False,True,True,Primary 1-3 year carryover window,Well and groundwater outcomes present
2004,Shafter-Wasco ID,SHAFTERWASCOID,60474.0,2752.0,63226.0,1.0,0.08,,50000.0,39600.0,Historical planning reference; verify against current contract and amendments,2004,Positive contractor Class 2 delivery and final Class 1 share at 100%,2007,3,First later year with final numeric Class 1 allocation below 100%,0.0,0.0,0.0,,241.5,94.875,34.0,34.0,70.71129247503312,False,True,True,Primary 1-3 year carryover window,Well and groundwater outcomes present
2004,Southern San Joaquin MUD,SOUTHERNSANJOAQUINMUD,101470.0,3600.0,105070.0,1.0,0.08,,97000.0,50000.0,Historical planning reference; verify against current contract and amendments,2004,Positive contractor Class 2 delivery and final Class 1 share at 100%,2007,3,First later year with final numeric Class 1 allocation below 100%,4.0,4.0,4.0,814.0,195.75,181.14,10.0,10.0,55.6806771035909,False,True,True,Primary 1-3 year carryover window,Well and groundwater outcomes present
2004,Tulare ID,TULAREID,34213.0,30931.0,65144.0,1.0,0.08,,30000.0,141000.0,Historical planning reference; verify against current contract and amendments,2004,Positive contractor Class 2 delivery and final Class 1 share at 100%,2007,3,First later year with final numeric Class 1 allocation below 100%,11.0,11.0,11.0,440.0,99.1,174.22500000000002,24.0,24.0,430.11461749426144,False,True,True,Primary 1-3 year carryover window,Well and groundwater outcomes present
2005,Arvin-Edison WSD,ARVINEDISONWSD,48436.0,261317.0,309753.0,1.0,,,40000.0,311675.0,Historical planning reference; verify against current contract and amendments,2005,Positive contractor Class 2 delivery and final Class 1 share at 100%,2007,2,First later year with final numeric Class 1 allocation below 100%,3.0,3.0,3.0,930.0,283.7,179.5,23.0,24.0,1972.243520315074,False,True,True,Primary 1-3 year carryover window,Well and groundwater outcomes present
2005,Chowchilla WD,CHOWCHILLAWD,49731.0,73057.0,122788.0,1.0,,,55000.0,160000.0,Historical planning reference; verify against current contract and amendments,2005,Positive contractor Class 2 delivery and final Class 1 share at 100%,2007,2,First later year with final numeric Class 1 allocation below 100%,8.0,8.0,8.0,540.0,148.0,42.7,61.0,62.0,817.2259390239336,False,True,True,Primary 1-3 year carryover window,Well and groundwater outcomes present
2005,Delano-Earlimart ID,DELANOEARLIMARTID,110388.0,54300.0,164688.0,1.0,,,108800.0,74500.0,Historical planning reference; verify against current contract and amendments,2005,Positive contractor Class 2 delivery and final Class 1 share at 100%,2007,2,First later year with final numeric Class 1 allocation below 100%,3.0,3.0,3.0,920.0,160.0,207.17,33.0,33.0,962.6772022462641,False,True,True,Primary 1-3 year carryover window,Well and groundwater outcomes present
2005,Exeter ID,EXETERID,13439.0,5401.0,18840.0,1.0,,,11500.0,19000.0,Historical planning reference; verify against current contract and amendments,2005,Positive contractor Class 2 delivery and final Class 1 share at 100%,2007,2,First later year with final numeric Class 1 allocation below 100%,7.0,7.0,7.0,290.0,61.400000000000006,334.105,42.0,42.0,356.46640907006315,False,True,True,Primary 1-3 year carryover window,Well and groundwater outcomes present
2005,Fresno ID,FRESNOID,0.0,728.0,728.0,1.0,,,0.0,75000.0,Historical planning reference; verify against current contract and amendments,2005,Positive contractor Class 2 delivery and final Class 1 share at 100%,2007,2,First later year with final numeric Class 1 allocation below 100%,20.5,20.0,21.0,206.0,38.400000000000006,335.73,30.0,30.0,2.940276050918379,False,True,True,Primary 1-3 year carryover window,Well and groundwater outcomes present
2005,Gravelly Ford WD,GRAVELLYFORDWD,,7367.0,,1.0,,,0.0,14000.0,Historical planning reference; verify against current contract and amendments,2005,Positive contractor Class 2 delivery and final Class 1 share at 100%,2007,2,First later year with final numeric Class 1 allocation below 100%,0.0,0.0,0.0,,104.35,93.5,2.0,2.0,874.4016708233768,False,True,True,Primary 1-3 year carryover window,Well and groundwater outcomes present
2005,Ivanhoe ID,IVANHOEID,8208.571428571428,236.8987341772152,8445.470162748643,1.0,,,7700.0,7900.0,Historical planning reference; verify against current contract and amendments,2005,Positive contractor Class 2 delivery and final Class 1 share at 100%,2007,2,First later year with final numeric Class 1 allocation below 100%,12.0,12.0,12.0,245.0,72.6,306.89,41.0,41.0,21.61411247809076,False,True,True,Primary 1-3 year carryover window,Well and groundwater outcomes present
2005,Lindmore ID,LINDMOREID,29152.0,6620.0,35772.0,1.0,,,33000.0,22000.0,Historical planning reference; verify against current contract and amendments,2005,Positive contractor Class 2 delivery and final Class 1 share at 100%,2007,2,First later year with final numeric Class 1 allocation below 100%,8.0,8.0,8.0,410.0,53.95,307.39,130.0,132.0,239.77069778726886,False,True,True,Primary 1-3 year carryover window,Well and groundwater outcomes present
2005,Lower Tule River ID,LOWERTULERIVERID,58860.0,156377.0,215237.0,1.0,,,61200.0,238000.0,Historical planning reference; verify against current contract and amendments,2005,Positive contractor Class 2 delivery and final Class 1 share at 100%,2007,2,First later year with final numeric Class 1 allocation below 100%,27.0,27.0,27.0,560.0,98.0,194.2,95.0,96.0,1517.062849821131,False,True,True,Primary 1-3 year carryover window,Well and groundwater outcomes present
2005,Madera ID,MADERAID,38955.0,24318.0,63273.0,1.0,,,85000.0,186000.0,Historical planning reference; verify against current contract and amendments,2005,Positive contractor Class 2 delivery and final Class 1 share at 100%,2007,2,First later year with final numeric Class 1 allocation below 100%,18.0,18.0,18.0,520.0,113.6,131.06,85.0,85.0,166.83627636791294,False,True,True,Primary 1-3 year carryover window,Well and groundwater outcomes present
2005,Porterville ID,PORTERVILLEID,15870.0,15914.0,31784.0,1.0,,,16000.0,30000.0,Historical planning reference; verify against current contract and amendments,2005,Positive contractor Class 2 delivery and final Class 1 share at 100%,2007,2,First later year with final numeric Class 1 allocation below 100%,1.0,1.0,1.0,600.0,29.1,380.7,3.0,3.0,936.2371859007907,False,True,True,Primary 1-3 year carryover window,Well and groundwater outcomes present
2005,Saucelito ID,SAUCELITOID,21294.0,22610.0,43904.0,1.0,,,21200.0,32800.0,Historical planning reference; verify against current contract and amendments,2005,Positive contractor Class 2 delivery and final Class 1 share at 100%,2007,2,First later year with final numeric Class 1 allocation below 100%,0.0,0.0,0.0,,122.15,270.65,16.0,16.0,1142.8704792607057,False,True,True,Primary 1-3 year carryover window,Well and groundwater outcomes present
2005,Shafter-Wasco ID,SHAFTERWASCOID,42087.0,23272.0,65359.0,1.0,,,50000.0,39600.0,Historical planning reference; verify against current contract and amendments,2005,Positive contractor Class 2 delivery and final Class 1 share at 100%,2007,2,First later year with final numeric Class 1 allocation below 100%,0.0,0.0,0.0,,241.5,94.875,34.0,34.0,597.9626447961376,False,True,True,Primary 1-3 year carryover window,Well and groundwater outcomes present
2005,Southern San Joaquin MUD,SOUTHERNSANJOAQUINMUD,72935.0,5225.0,78160.0,1.0,,,97000.0,50000.0,Historical planning reference; verify against current contract and amendments,2005,Positive contractor Class 2 delivery and final Class 1 share at 100%,2007,2,First later year with final numeric Class 1 allocation below 100%,4.0,4.0,4.0,814.0,195.75,181.14,10.0,10.0,80.81431607396179,False,True,True,Primary 1-3 year carryover window,Well and groundwater outcomes present
2005,Tulare ID,TULAREID,19507.0,115677.0,135184.0,1.0,,,30000.0,141000.0,Historical planning reference; verify against current contract and amendments,2005,Positive contractor Class 2 delivery and final Class 1 share at 100%,2007,2,First later year with final numeric Class 1 allocation below 100%,11.0,11.0,11.0,440.0,99.1,174.22500000000002,24.0,24.0,1608.5599756840606,False,True,True,Primary 1-3 year carryover window,Well and groundwater outcomes present
2006,Arvin-Edison WSD,ARVINEDISONWSD,26847.0,109472.0,136319.0,1.0,,,40000.0,311675.0,Historical planning reference; verify against current contract and amendments,2006,Positive contractor Class 2 delivery and final Class 1 share at 100%,2007,1,First later year with final numeric Class 1 allocation below 100%,3.0,3.0,3.0,930.0,283.7,179.5,23.0,24.0,826.2204244497365,True,True,True,Primary 1-3 year carryover window,Well and groundwater outcomes present
2006,Chowchilla WD,CHOWCHILLAWD,45211.0,61481.0,106692.0,1.0,,,55000.0,160000.0,Historical planning reference; verify against current contract and amendments,2006,Positive contractor Class 2 delivery and final Class 1 share at 100%,2007,1,First later year with final numeric Class 1 allocation below 100%,8.0,8.0,8.0,540.0,148.0,42.7,61.0,62.0,687.7351651057458,True,True,True,Primary 1-3 year carryover window,Well and groundwater outcomes present
2006,Delano-Earlimart ID,DELANOEARLIMARTID,82140.0,60459.0,142599.0,1.0,,,108800.0,74500.0,Historical planning reference; verify against current contract and amendments,2006,Positive contractor Class 2 delivery and final Class 1 share at 100%,2007,1,First later year with final numeric Class 1 allocation below 100%,3.0,3.0,3.0,920.0,160.0,207.17,33.0,33.0,1071.8692628104397,True,True,True,Primary 1-3 year carryover window,Well and groundwater outcomes present
2006,Exeter ID,EXETERID,7241.0,5259.0,12500.0,1.0,,,11500.0,19000.0,Historical planning reference; verify against current contract and amendments,2006,Positive contractor Class 2 delivery and final Class 1 share at 100%,2007,1,First later year with final numeric Class 1 allocation below 100%,7.0,7.0,7.0,290.0,61.400000000000006,334.105,42.0,42.0,347.09439831502726,True,True,True,Primary 1-3 year carryover window,Well and groundwater outcomes present
2006,Fresno ID,FRESNOID,0.0,2870.0,2870.0,1.0,,,0.0,75000.0,Historical planning reference; verify against current contract and amendments,2006,Positive contractor Class 2 delivery and final Class 1 share at 100%,2007,1,First later year with final numeric Class 1 allocation below 100%,20.5,20.0,21.0,206.0,38.400000000000006,335.73,30.0,30.0,11.59147289304361,True,True,True,Primary 1-3 year carryover window,Well and groundwater outcomes present
2006,Gravelly Ford WD,GRAVELLYFORDWD,,7503.0,,1.0,,,0.0,14000.0,Historical planning reference; verify against current contract and amendments,2006,Positive contractor Class 2 delivery and final Class 1 share at 100%,2007,1,First later year with final numeric Class 1 allocation below 100%,0.0,0.0,0.0,,104.35,93.5,2.0,2.0,890.5437404897239,True,True,True,Primary 1-3 year carryover window,Well and groundwater outcomes present
2006,Ivanhoe ID,IVANHOEID,4303.506493506493,279.873417721519,4583.379911228012,1.0,,,7700.0,7900.0,Historical planning reference; verify against current contract and amendments,2006,Positive contractor Class 2 delivery and final Class 1 share at 100%,2007,1,First later year with final numeric Class 1 allocation below 100%,12.0,12.0,12.0,245.0,72.6,306.89,41.0,41.0,25.535026817557394,True,True,True,Primary 1-3 year carryover window,Well and groundwater outcomes present
2006,Lindmore ID,LINDMOREID,30603.0,8156.0,38759.0,1.0,,,33000.0,22000.0,Historical planning reference; verify against current contract and amendments,2006,Positive contractor Class 2 delivery and final Class 1 share at 100%,2007,1,First later year with final numeric Class 1 allocation below 100%,8.0,8.0,8.0,410.0,53.95,307.39,130.0,132.0,295.4032947360974,True,True,True,Primary 1-3 year carryover window,Well and groundwater outcomes present
2006,Lower Tule River ID,LOWERTULERIVERID,53641.0,148510.0,202151.0,1.0,,,61200.0,238000.0,Historical planning reference; verify against current contract and amendments,2006,Positive contractor Class 2 delivery and final Class 1 share at 100%,2007,1,First later year with final numeric Class 1 allocation below 100%,27.0,27.0,27.0,560.0,98.0,194.2,95.0,96.0,1440.7425889161204,True,True,True,Primary 1-3 year carryover window,Well and groundwater outcomes present
2006,Madera ID,MADERAID,35788.0,19937.0,55725.0,1.0,,,85000.0,186000.0,Historical planning reference; verify against current contract and amendments,2006,Positive contractor Class 2 delivery and final Class 1 share at 100%,2007,1,First later year with final numeric Class 1 allocation below 100%,18.0,18.0,18.0,520.0,113.6,131.06,85.0,85.0,136.77995073390414,True,True,True,Primary 1-3 year carryover window,Well and groundwater outcomes present
2006,Porterville ID,PORTERVILLEID,14642.0,14010.0,28652.0,1.0,,,16000.0,30000.0,Historical planning reference; verify against current contract and amendments,2006,Positive contractor Class 2 delivery and final Class 1 share at 100%,2007,1,First later year with final numeric Class 1 allocation below 100%,1.0,1.0,1.0,600.0,29.1,380.7,3.0,3.0,824.2228839053712,True,True,True,Primary 1-3 year carryover window,Well and groundwater outcomes present
2006,Saucelito ID,SAUCELITOID,22828.0,20191.0,43019.0,1.0,,,21200.0,32800.0,Historical planning reference; verify against current contract and amendments,2006,Positive contractor Class 2 delivery and final Class 1 share at 100%,2007,1,First later year with final numeric Class 1 allocation below 100%,0.0,0.0,0.0,,122.15,270.65,16.0,16.0,1020.5969857033572,True,True,True,Primary 1-3 year carryover window,Well and groundwater outcomes present
2006,Shafter-Wasco ID,SHAFTERWASCOID,47145.0,22226.0,69371.0,1.0,,,50000.0,39600.0,Historical planning reference; verify against current contract and amendments,2006,Positive contractor Class 2 delivery and final Class 1 share at 100%,2007,1,First later year with final numeric Class 1 allocation below 100%,0.0,0.0,0.0,,241.5,94.875,34.0,34.0,571.0861869731417,True,True,True,Primary 1-3 year carryover window,Well and groundwater outcomes present
2006,Southern San Joaquin MUD,SOUTHERNSANJOAQUINMUD,105434.0,6625.0,112059.0,1.0,,,97000.0,50000.0,Historical planning reference; verify against current contract and amendments,2006,Positive contractor Class 2 delivery and final Class 1 share at 100%,2007,1,First later year with final numeric Class 1 allocation below 100%,4.0,4.0,4.0,814.0,195.75,181.14,10.0,10.0,102.46791272535826,True,True,True,Primary 1-3 year carryover window,Well and groundwater outcomes present
2006,Tulare ID,TULAREID,26506.0,69755.0,96261.0,1.0,,,30000.0,141000.0,Historical planning reference; verify against current contract and amendments,2006,Positive contractor Class 2 delivery and final Class 1 share at 100%,2007,1,First later year with final numeric Class 1 allocation below 100%,11.0,11.0,11.0,440.0,99.1,174.22500000000002,24.0,24.0,969.9862643727072,True,True,True,Primary 1-3 year carryover window,Well and groundwater outcomes present
2008,Arvin-Edison WSD,ARVINEDISONWSD,34181.0,15584.0,49765.0,1.0,0.05,,40000.0,311675.0,Historical planning reference; verify against current contract and amendments,2008,Positive contractor Class 2 delivery and final Class 1 share at 100%,2009,1,First later year with final numeric Class 1 allocation below 100%,2.0,2.0,2.0,1295.0,350.0,175.97,24.0,24.0,117.61746469074002,True,True,True,Primary 1-3 year carryover window,Well and groundwater outcomes present
2008,Chowchilla WD,CHOWCHILLAWD,55159.0,8000.0,63159.0,1.0,0.05,,55000.0,160000.0,Historical planning reference; verify against current contract and amendments,2008,Positive contractor Class 2 delivery and final Class 1 share at 100%,2009,1,First later year with final numeric Class 1 allocation below 100%,18.0,18.0,18.0,600.0,152.25,34.455,46.0,47.0,89.48913194069657,True,True,True,Primary 1-3 year carryover window,Well and groundwater outcomes present
2008,Delano-Earlimart ID,DELANOEARLIMARTID,99953.0,3725.0,103678.0,1.0,0.05,,108800.0,74500.0,Historical planning reference; verify against current contract and amendments,2008,Positive contractor Class 2 delivery and final Class 1 share at 100%,2009,1,First later year with final numeric Class 1 allocation below 100%,7.0,7.0,7.0,980.0,177.05,213.62,2.0,2.0,66.04001065133211,True,True,True,Primary 1-3 year carryover window,Well and groundwater outcomes present
2008,Exeter ID,EXETERID,9509.0,950.0,10459.0,1.0,0.05,,11500.0,19000.0,Historical planning reference; verify against current contract and amendments,2008,Positive contractor Class 2 delivery and final Class 1 share at 100%,2009,1,First later year with final numeric Class 1 allocation below 100%,0.0,0.0,0.0,,11.5,232.22,1.0,1.0,62.70007195270505,True,True,True,Primary 1-3 year carryover window,Well and groundwater outcomes present
2008,Fresno ID,FRESNOID,0.0,3750.0,3750.0,1.0,0.05,,0.0,75000.0,Historical planning reference; verify against current contract and amendments,2008,Positive contractor Class 2 delivery and final Class 1 share at 100%,2009,1,First later year with final numeric Class 1 allocation below 100%,10.5,10.0,11.0,237.0,58.2,201.685,78.0,78.0,15.14565273481308,True,True,True,Primary 1-3 year carryover window,Well and groundwater outcomes present
2008,Gravelly Ford WD,GRAVELLYFORDWD,,8533.0,,1.0,0.05,,0.0,14000.0,Historical planning reference; verify against current contract and amendments,2008,Positive contractor Class 2 delivery and final Class 1 share at 100%,2009,1,First later year with final numeric Class 1 allocation below 100%,0.0,0.0,0.0,,100.0,95.87,4.0,4.0,1012.7961798745586,True,True,True,Primary 1-3 year carryover window,Well and groundwater outcomes present
2008,Ivanhoe ID,IVANHOEID,5082.662337662337,25.0,5107.662337662337,1.0,0.05,,7700.0,7900.0,Historical planning reference; verify against current contract and amendments,2008,Positive contractor Class 2 delivery and final Class 1 share at 100%,2009,1,First later year with final numeric Class 1 allocation below 100%,2.0,2.0,2.0,255.0,,,,,2.2809442770093105,True,True,True,Primary 1-3 year carryover window,Well outcome present; district groundwater summary missing
2008,Lindmore ID,LINDMOREID,32008.0,1100.0,33108.0,1.0,0.05,,33000.0,22000.0,Historical planning reference; verify against current contract and amendments,2008,Positive contractor Class 2 delivery and final Class 1 share at 100%,2009,1,First later year with final numeric Class 1 allocation below 100%,3.0,3.0,3.0,380.0,64.94999999999999,298.645,128.0,130.0,39.841052502416275,True,True,True,Primary 1-3 year carryover window,Well and groundwater outcomes present
2008,Lower Tule River ID,LOWERTULERIVERID,61465.0,11900.0,73365.0,1.0,0.05,,61200.0,238000.0,Historical planning reference; verify against current contract and amendments,2008,Positive contractor Class 2 delivery and final Class 1 share at 100%,2009,1,First later year with final numeric Class 1 allocation below 100%,10.0,10.0,10.0,680.0,114.5,186.18,78.0,78.0,115.44567239985075,True,True,True,Primary 1-3 year carryover window,Well and groundwater outcomes present
2008,Madera ID,MADERAID,85282.0,9300.0,94582.0,1.0,0.05,,85000.0,186000.0,Historical planning reference; verify against current contract and amendments,2008,Positive contractor Class 2 delivery and final Class 1 share at 100%,2009,1,First later year with final numeric Class 1 allocation below 100%,15.0,15.0,15.0,710.0,117.5,127.71,82.0,82.0,63.80365861590552,True,True,True,Primary 1-3 year carryover window,Well and groundwater outcomes present
2008,Porterville ID,PORTERVILLEID,13018.0,1500.0,14518.0,1.0,0.05,,16000.0,30000.0,Historical planning reference; verify against current contract and amendments,2008,Positive contractor Class 2 delivery and final Class 1 share at 100%,2009,1,First later year with final numeric Class 1 allocation below 100%,7.0,7.0,7.0,521.0,63.574999999999996,332.825,10.0,11.0,88.24656144597122,True,True,True,Primary 1-3 year carryover window,Well and groundwater outcomes present
2008,Saucelito ID,SAUCELITOID,21201.0,1640.0,22841.0,1.0,0.05,,21200.0,32800.0,Historical planning reference; verify against current contract and amendments,2008,Positive contractor Class 2 delivery and final Class 1 share at 100%,2009,1,First later year with final numeric Class 1 allocation below 100%,3.0,3.0,3.0,1060.0,138.0,254.7,15.0,15.0,82.8972837676938,True,True,True,Primary 1-3 year carryover window,Well and groundwater outcomes present
2008,Shafter-Wasco ID,SHAFTERWASCOID,47132.0,1980.0,49112.0,1.0,0.05,,50000.0,39600.0,Historical planning reference; verify against current contract and amendments,2008,Positive contractor Class 2 delivery and final Class 1 share at 100%,2009,1,First later year with final numeric Class 1 allocation below 100%,2.0,2.0,2.0,720.0,280.0,62.65,31.0,31.0,50.87513048712412,True,True,True,Primary 1-3 year carryover window,Well and groundwater outcomes present
2008,Southern San Joaquin MUD,SOUTHERNSANJOAQUINMUD,85111.0,2250.0,87361.0,1.0,0.05,,97000.0,50000.0,Historical planning reference; verify against current contract and amendments,2008,Positive contractor Class 2 delivery and final Class 1 share at 100%,2009,1,First later year with final numeric Class 1 allocation below 100%,4.0,4.0,4.0,1071.5,238.5,151.075,8.0,8.0,34.800423189744315,True,True,True,Primary 1-3 year carryover window,Well and groundwater outcomes present
2008,Tulare ID,TULAREID,32462.0,7050.0,39512.0,1.0,0.05,,30000.0,141000.0,Historical planning reference; verify against current contract and amendments,2008,Positive contractor Class 2 delivery and final Class 1 share at 100%,2009,1,First later year with final numeric Class 1 allocation below 100%,12.0,12.0,12.0,500.0,128.75,124.49000000000001,32.0,32.0,98.03459485094382,True,True,True,Primary 1-3 year carryover window,Well and groundwater outcomes present
2010,Arvin-Edison WSD,ARVINEDISONWSD,25829.0,174078.0,199907.0,1.0,0.15,,40000.0,311675.0,Historical planning reference; verify against current contract and amendments,2010,Positive contractor Class 2 delivery and final Class 1 share at 100%,2012,2,First later year with final numeric Class 1 allocation below 100%,7.0,7.0,7.0,1020.0,280.6,152.36,12.0,12.0,1313.822703954995,False,True,True,Primary 1-3 year carryover window,Well and groundwater outcomes present
2010,Chowchilla WD,CHOWCHILLAWD,42899.0,98674.0,141573.0,1.0,0.15,,55000.0,160000.0,Historical planning reference; verify against current contract and amendments,2010,Positive contractor Class 2 delivery and final Class 1 share at 100%,2012,2,First later year with final numeric Class 1 allocation below 100%,8.0,8.0,8.0,770.0,174.25,46.45,4.0,4.0,1103.7813256395366,False,True,True,Primary 1-3 year carryover window,Well and groundwater outcomes present
2010,Delano-Earlimart ID,DELANOEARLIMARTID,93758.0,63441.0,157199.0,1.0,0.15,,108800.0,74500.0,Historical planning reference; verify against current contract and amendments,2010,Positive contractor Class 2 delivery and final Class 1 share at 100%,2012,2,First later year with final numeric Class 1 allocation below 100%,7.0,7.0,7.0,980.0,137.2,205.8,13.0,13.0,1124.7367290553452,False,True,True,Primary 1-3 year carryover window,Well and groundwater outcomes present
2010,Exeter ID,EXETERID,7543.0,10776.0,18319.0,1.0,0.15,,11500.0,19000.0,Historical planning reference; verify against current contract and amendments,2010,Positive contractor Class 2 delivery and final Class 1 share at 100%,2012,2,First later year with final numeric Class 1 allocation below 100%,0.0,0.0,0.0,,55.25,331.25,2.0,2.0,711.2168161708944,False,True,True,Primary 1-3 year carryover window,Well and groundwater outcomes present
2010,Fresno ID,FRESNOID,0.0,28652.0,28652.0,1.0,0.15,,0.0,75000.0,Historical planning reference; verify against current contract and amendments,2010,Positive contractor Class 2 delivery and final Class 1 share at 100%,2012,2,First later year with final numeric Class 1 allocation below 100%,14.0,14.0,14.0,255.5,39.8,336.74,35.0,44.0,115.72086457543048,False,True,True,Primary 1-3 year carryover window,Well and groundwater outcomes present
2010,Gravelly Ford WD,GRAVELLYFORDWD,,7968.0,,1.0,0.15,,0.0,14000.0,Historical planning reference; verify against current contract and amendments,2010,Positive contractor Class 2 delivery and final Class 1 share at 100%,2012,2,First later year with final numeric Class 1 allocation below 100%,1.0,1.0,1.0,520.0,,,,,945.7353757459842,False,True,True,Primary 1-3 year carryover window,Well outcome present; district groundwater summary missing
2010,Ivanhoe ID,IVANHOEID,7216.0,1360.0,8576.0,1.0,0.15,,7700.0,7900.0,Historical planning reference; verify against current contract and amendments,2010,Positive contractor Class 2 delivery and final Class 1 share at 100%,2012,2,First later year with final numeric Class 1 allocation below 100%,4.0,4.0,4.0,171.5,63.05,320.64,4.0,4.0,124.0833686693065,False,True,True,Primary 1-3 year carryover window,Well and groundwater outcomes present
2010,Kaweah Delta WCD,KAWEAHDELTAWCD,0.0,7400.0,7400.0,1.0,0.15,,,,,2010,Positive contractor Class 2 delivery and final Class 1 share at 100%,2012,2,First later year with final numeric Class 1 allocation below 100%,,,,,,,,,,False,True,True,Primary 1-3 year carryover window,Well outcome present; district groundwater summary missing
2010,Lindmore ID,LINDMOREID,39175.0,12679.0,51854.0,1.0,0.15,,33000.0,22000.0,Historical planning reference; verify against current contract and amendments,2010,Positive contractor Class 2 delivery and final Class 1 share at 100%,2012,2,First later year with final numeric Class 1 allocation below 100%,4.0,4.0,4.0,495.0,58.9,304.54499999999996,8.0,8.0,459.2224587983054,False,True,True,Primary 1-3 year carryover window,Well and groundwater outcomes present
2010,Lower Tule River ID,LOWERTULERIVERID,60268.0,148714.0,208982.0,1.0,0.15,,61200.0,238000.0,Historical planning reference; verify against current contract and amendments,2010,Positive contractor Class 2 delivery and final Class 1 share at 100%,2012,2,First later year with final numeric Class 1 allocation below 100%,10.0,10.0,10.0,700.0,106.95,154.60000000000002,20.0,20.0,1442.7216575858324,False,True,True,Primary 1-3 year carryover window,Well and groundwater outcomes present
2010,Madera ID,MADERAID,78616.0,92501.0,171117.0,1.0,0.15,,85000.0,186000.0,Historical planning reference; verify against current contract and amendments,2010,Positive contractor Class 2 delivery and final Class 1 share at 100%,2012,2,First later year with final numeric Class 1 allocation below 100%,9.0,9.0,9.0,580.0,123.6,123.46,77.0,79.0,634.613142540847,False,True,True,Primary 1-3 year carryover window,Well and groundwater outcomes present
2010,Porterville ID,PORTERVILLEID,25535.0,7918.0,33453.0,1.0,0.15,,16000.0,30000.0,Historical planning reference; verify against current contract and amendments,2010,Positive contractor Class 2 delivery and final Class 1 share at 100%,2012,2,First later year with final numeric Class 1 allocation below 100%,1.0,1.0,1.0,190.0,35.0,373.3,5.0,5.0,465.8241823528001,False,True,True,Primary 1-3 year carryover window,Well and groundwater outcomes present
2010,Saucelito ID,SAUCELITOID,24935.0,16026.0,40961.0,1.0,0.15,,21200.0,32800.0,Historical planning reference; verify against current contract and amendments,2010,Positive contractor Class 2 delivery and final Class 1 share at 100%,2012,2,First later year with final numeric Class 1 allocation below 100%,2.0,2.0,2.0,1130.0,136.5,248.6,3.0,3.0,810.068213207964,False,True,True,Primary 1-3 year carryover window,Well and groundwater outcomes present
2010,Shafter-Wasco ID,SHAFTERWASCOID,57425.0,17103.0,74528.0,1.0,0.15,,50000.0,39600.0,Historical planning reference; verify against current contract and amendments,2010,Positive contractor Class 2 delivery and final Class 1 share at 100%,2012,2,First later year with final numeric Class 1 allocation below 100%,3.0,3.0,3.0,800.0,273.0,59.63,33.0,33.0,439.45321046529483,False,True,True,Primary 1-3 year carryover window,Well and groundwater outcomes present
2010,Southern San Joaquin MUD,SOUTHERNSANJOAQUINMUD,93773.0,24080.0,117853.0,1.0,0.15,,97000.0,50000.0,Historical planning reference; verify against current contract and amendments,2010,Positive contractor Class 2 delivery and final Class 1 share at 100%,2012,2,First later year with final numeric Class 1 allocation below 100%,1.0,1.0,1.0,1140.0,280.4,55.5,5.0,5.0,372.44186240401916,False,True,True,Primary 1-3 year carryover window,Well and groundwater outcomes present
2010,Tulare ID,TULAREID,57564.0,71829.0,129393.0,1.0,0.15,,30000.0,141000.0,Historical planning reference; verify against current contract and amendments,2010,Positive contractor Class 2 delivery and final Class 1 share at 100%,2012,2,First later year with final numeric Class 1 allocation below 100%,7.0,7.0,7.0,520.0,112.5,146.22,29.0,29.0,998.826512560063,False,True,True,Primary 1-3 year carryover window,Well and groundwater outcomes present
2011,Arvin-Edison WSD,ARVINEDISONWSD,36391.0,176681.0,213072.0,1.0,0.2,,40000.0,311675.0,Historical planning reference; verify against current contract and amendments,2011,Positive contractor Class 2 delivery and final Class 1 share at 100%,2012,1,First later year with final numeric Class 1 allocation below 100%,7.0,7.0,7.0,1020.0,280.6,152.36,12.0,12.0,1333.4683828942914,True,True,True,Primary 1-3 year carryover window,Well and groundwater outcomes present
2011,Chowchilla WD,CHOWCHILLAWD,43251.0,38547.0,81798.0,1.0,0.2,,55000.0,160000.0,Historical planning reference; verify against current contract and amendments,2011,Positive contractor Class 2 delivery and final Class 1 share at 100%,2012,1,First later year with final numeric Class 1 allocation below 100%,8.0,8.0,8.0,770.0,174.25,46.45,4.0,4.0,431.1921961147538,True,True,True,Primary 1-3 year carryover window,Well and groundwater outcomes present
2011,Delano-Earlimart ID,DELANOEARLIMARTID,85858.0,49240.0,135098.0,1.0,0.2,,108800.0,74500.0,Historical planning reference; verify against current contract and amendments,2011,Positive contractor Class 2 delivery and final Class 1 share at 100%,2012,1,First later year with final numeric Class 1 allocation below 100%,7.0,7.0,7.0,980.0,137.2,205.8,13.0,13.0,872.9691609319714,True,True,True,Primary 1-3 year carryover window,Well and groundwater outcomes present
2011,Exeter ID,EXETERID,11902.0,2240.0,14142.0,1.0,0.2,,11500.0,19000.0,Historical planning reference; verify against current contract and amendments,2011,Positive contractor Class 2 delivery and final Class 1 share at 100%,2012,1,First later year with final numeric Class 1 allocation below 100%,0.0,0.0,0.0,,55.25,331.25,2.0,2.0,147.84016965690455,True,True,True,Primary 1-3 year carryover window,Well and groundwater outcomes present
2011,Fresno ID,FRESNOID,0.0,4571.0,4571.0,1.0,0.2,,0.0,75000.0,Historical planning reference; verify against current contract and amendments,2011,Positive contractor Class 2 delivery and final Class 1 share at 100%,2012,1,First later year with final numeric Class 1 allocation below 100%,14.0,14.0,14.0,255.5,39.8,336.74,35.0,44.0,18.461540973554822,True,True,True,Primary 1-3 year carryover window,Well and groundwater outcomes present
2011,Gravelly Ford WD,GRAVELLYFORDWD,,6032.0,,1.0,0.2,,0.0,14000.0,Historical planning reference; verify against current contract and amendments,2011,Positive contractor Class 2 delivery and final Class 1 share at 100%,2012,1,First later year with final numeric Class 1 allocation below 100%,1.0,1.0,1.0,520.0,,,,,715.948266377984,True,True,True,Primary 1-3 year carryover window,Well outcome present; district groundwater summary missing
2011,Ivanhoe ID,IVANHOEID,5165.0,200.0,5365.0,1.0,0.2,,7700.0,7900.0,Historical planning reference; verify against current contract and amendments,2011,Positive contractor Class 2 delivery and final Class 1 share at 100%,2012,1,First later year with final numeric Class 1 allocation below 100%,4.0,4.0,4.0,171.5,63.05,320.64,4.0,4.0,18.247554216074484,True,True,True,Primary 1-3 year carryover window,Well and groundwater outcomes present
2011,Kaweah Delta WCD,KAWEAHDELTAWCD,1200.0,7400.0,8600.0,1.0,0.2,,,,,2011,Positive contractor Class 2 delivery and final Class 1 share at 100%,2012,1,First later year with final numeric Class 1 allocation below 100%,,,,,,,,,,True,True,True,Primary 1-3 year carryover window,Well outcome present; district groundwater summary missing
2011,Lindmore ID,LINDMOREID,20355.0,12346.0,32701.0,1.0,0.2,,33000.0,22000.0,Historical planning reference; verify against current contract and amendments,2011,Positive contractor Class 2 delivery and final Class 1 share at 100%,2012,1,First later year with final numeric Class 1 allocation below 100%,4.0,4.0,4.0,495.0,58.9,304.54499999999996,8.0,8.0,447.16148563166485,True,True,True,Primary 1-3 year carryover window,Well and groundwater outcomes present
2011,Lower Tule River ID,LOWERTULERIVERID,13573.0,28690.0,42263.0,1.0,0.2,,61200.0,238000.0,Historical planning reference; verify against current contract and amendments,2011,Positive contractor Class 2 delivery and final Class 1 share at 100%,2012,1,First later year with final numeric Class 1 allocation below 100%,10.0,10.0,10.0,700.0,106.95,154.60000000000002,20.0,20.0,278.3307849707326,True,True,True,Primary 1-3 year carryover window,Well and groundwater outcomes present
2011,Madera ID,MADERAID,40579.0,56434.0,97013.0,1.0,0.2,,85000.0,186000.0,Historical planning reference; verify against current contract and amendments,2011,Positive contractor Class 2 delivery and final Class 1 share at 100%,2012,1,First later year with final numeric Class 1 allocation below 100%,9.0,9.0,9.0,580.0,123.6,123.46,77.0,79.0,387.17157745484,True,True,True,Primary 1-3 year carryover window,Well and groundwater outcomes present
2011,Porterville ID,PORTERVILLEID,11455.0,3487.0,14942.0,1.0,0.2,,16000.0,30000.0,Historical planning reference; verify against current contract and amendments,2011,Positive contractor Class 2 delivery and final Class 1 share at 100%,2012,1,First later year with final numeric Class 1 allocation below 100%,1.0,1.0,1.0,190.0,35.0,373.3,5.0,5.0,205.14383984140107,True,True,True,Primary 1-3 year carryover window,Well and groundwater outcomes present
2011,Saucelito ID,SAUCELITOID,18820.0,14158.0,32978.0,1.0,0.2,,21200.0,32800.0,Historical planning reference; verify against current contract and amendments,2011,Positive contractor Class 2 delivery and final Class 1 share at 100%,2012,1,First later year with final numeric Class 1 allocation below 100%,2.0,2.0,2.0,1130.0,136.5,248.6,3.0,3.0,715.6461851115909,True,True,True,Primary 1-3 year carryover window,Well and groundwater outcomes present
2011,Shafter-Wasco ID,SHAFTERWASCOID,42769.0,15541.0,58310.0,1.0,0.2,,50000.0,39600.0,Historical planning reference; verify against current contract and amendments,2011,Positive contractor Class 2 delivery and final Class 1 share at 100%,2012,1,First later year with final numeric Class 1 allocation below 100%,3.0,3.0,3.0,800.0,273.0,59.63,33.0,33.0,399.31838530323023,True,True,True,Primary 1-3 year carryover window,Well and groundwater outcomes present
2011,Southern San Joaquin MUD,SOUTHERNSANJOAQUINMUD,67095.0,68231.0,135326.0,1.0,0.2,,97000.0,50000.0,Historical planning reference; verify against current contract and amendments,2011,Positive contractor Class 2 delivery and final Class 1 share at 100%,2012,1,First later year with final numeric Class 1 allocation below 100%,1.0,1.0,1.0,1140.0,280.4,55.5,5.0,5.0,1055.3189665153086,True,True,True,Primary 1-3 year carryover window,Well and groundwater outcomes present
2011,Tulare ID,TULAREID,5088.0,18289.0,23377.0,1.0,0.2,,30000.0,141000.0,Historical planning reference; verify against current contract and amendments,2011,Positive contractor Class 2 delivery and final Class 1 share at 100%,2012,1,First later year with final numeric Class 1 allocation below 100%,7.0,7.0,7.0,520.0,112.5,146.22,29.0,29.0,254.31981634452643,True,True,True,Primary 1-3 year carryover window,Well and groundwater outcomes present
2017,Arvin-Edison WSD,ARVINEDISONWSD,13890.0,44669.0,58559.0,1.0,,,40000.0,311675.0,Historical planning reference; verify against current contract and amendments,2017,Positive contractor Class 2 delivery and final Class 1 share at 100%,2018,1,First later year with final numeric Class 1 allocation below 100%,6.0,6.0,6.0,1025.0,328.42999999999995,147.97,10.0,10.0,337.1313225276351,True,True,True,Primary 1-3 year carryover window,Well and groundwater outcomes present
2017,Chowchilla WD,CHOWCHILLAWD,46792.0,30347.0,77139.0,1.0,,,55000.0,160000.0,Historical planning reference; verify against current contract and amendments,2017,Positive contractor Class 2 delivery and final Class 1 share at 100%,2018,1,First later year with final numeric Class 1 allocation below 100%,6.0,6.0,6.0,743.5,168.805,27.235,18.0,18.0,339.4658358755399,True,True,True,Primary 1-3 year carryover window,Well and groundwater outcomes present
2017,Delano-Earlimart ID,DELANOEARLIMARTID,90625.0,44212.0,134837.0,1.0,,,108800.0,74500.0,Historical planning reference; verify against current contract and amendments,2017,Positive contractor Class 2 delivery and final Class 1 share at 100%,2018,1,First later year with final numeric Class 1 allocation below 100%,1.0,1.0,1.0,629.0,236.75,147.0,16.0,16.0,783.8284431991128,True,True,True,Primary 1-3 year carryover window,Well and groundwater outcomes present
2017,Exeter ID,EXETERID,10483.0,6281.0,16764.0,1.0,,,11500.0,19000.0,Historical planning reference; verify against current contract and amendments,2017,Positive contractor Class 2 delivery and final Class 1 share at 100%,2018,1,First later year with final numeric Class 1 allocation below 100%,1.0,1.0,1.0,520.0,72.9,345.55,2.0,2.0,414.54647572099,True,True,True,Primary 1-3 year carryover window,Well and groundwater outcomes present
2017,Fresno ID,FRESNOID,0.0,708.0,708.0,1.0,,,0.0,75000.0,Historical planning reference; verify against current contract and amendments,2017,Positive contractor Class 2 delivery and final Class 1 share at 100%,2018,1,First later year with final numeric Class 1 allocation below 100%,14.5,13.0,16.0,370.0,70.0,187.93,29.0,29.0,2.8594992363327094,True,True,True,Primary 1-3 year carryover window,Well and groundwater outcomes present
2017,Ivanhoe ID,IVANHOEID,5764.0,500.0,6264.0,1.0,,,7700.0,7900.0,Historical planning reference; verify against current contract and amendments,2017,Positive contractor Class 2 delivery and final Class 1 share at 100%,2018,1,First later year with final numeric Class 1 allocation below 100%,3.0,3.0,3.0,272.0,,,,,45.61888554018621,True,True,True,Primary 1-3 year carryover window,Well outcome present; district groundwater summary missing
2017,Kaweah Delta WCD,KAWEAHDELTAWCD,60.0,7400.0,7460.0,1.0,,,,,,2017,Positive contractor Class 2 delivery and final Class 1 share at 100%,2018,1,First later year with final numeric Class 1 allocation below 100%,,,,,,,,,,True,True,True,Primary 1-3 year carryover window,Well outcome present; district groundwater summary missing
2017,Kern-Tulare WD,KERNTULAREWD,,8802.0,,1.0,,,,,,2017,Positive contractor Class 2 delivery and final Class 1 share at 100%,2018,1,First later year with final numeric Class 1 allocation below 100%,1.0,1.0,1.0,1500.0,487.43,120.305,6.0,11.0,495.226570984729,True,True,True,Primary 1-3 year carryover window,Well and groundwater outcomes present
2017,Lindmore ID,LINDMOREID,22180.0,19836.0,42016.0,1.0,,,33000.0,22000.0,Historical planning reference; verify against current contract and amendments,2017,Positive contractor Class 2 delivery and final Class 1 share at 100%,2018,1,First later year with final numeric Class 1 allocation below 100%,7.0,7.0,7.0,460.0,,,,,718.4428340344812,True,True,True,Primary 1-3 year carryover window,Well outcome present; district groundwater summary missing
2017,Lower Tule River ID,LOWERTULERIVERID,35658.0,144791.0,180449.0,1.0,,,61200.0,238000.0,Historical planning reference; verify against current contract and amendments,2017,Positive contractor Class 2 delivery and final Class 1 share at 100%,2018,1,First later year with final numeric Class 1 allocation below 100%,13.0,13.0,13.0,730.0,138.0,118.5,15.0,15.0,1404.663390961915,True,True,True,Primary 1-3 year carryover window,Well and groundwater outcomes present
2017,Madera ID,MADERAID,56992.0,18072.0,75064.0,1.0,,,85000.0,186000.0,Historical planning reference; verify against current contract and amendments,2017,Positive contractor Class 2 delivery and final Class 1 share at 100%,2018,1,First later year with final numeric Class 1 allocation below 100%,12.0,12.0,12.0,670.0,172.2,90.7,49.0,52.0,123.98491596845642,True,True,True,Primary 1-3 year carryover window,Well and groundwater outcomes present
2017,Porterville ID,PORTERVILLEID,14883.0,11226.0,26109.0,1.0,,,16000.0,30000.0,Historical planning reference; verify against current contract and amendments,2017,Positive contractor Class 2 delivery and final Class 1 share at 100%,2018,1,First later year with final numeric Class 1 allocation below 100%,0.0,0.0,0.0,,47.650000000000006,367.1,2.0,2.0,660.4372658616486,True,True,True,Primary 1-3 year carryover window,Well and groundwater outcomes present
2017,Saucelito ID,SAUCELITOID,15697.0,16593.0,32290.0,1.0,,,21200.0,32800.0,Historical planning reference; verify against current contract and amendments,2017,Positive contractor Class 2 delivery and final Class 1 share at 100%,2018,1,First later year with final numeric Class 1 allocation below 100%,1.0,1.0,1.0,,238.1,134.3,2.0,2.0,838.7284326569168,True,True,True,Primary 1-3 year carryover window,Well and groundwater outcomes present
2017,Shafter-Wasco ID,SHAFTERWASCOID,34617.0,43526.0,78143.0,1.0,,,50000.0,39600.0,Historical planning reference; verify against current contract and amendments,2017,Positive contractor Class 2 delivery and final Class 1 share at 100%,2018,1,First later year with final numeric Class 1 allocation below 100%,4.0,4.0,4.0,995.0,336.0,-13.295,12.0,12.0,1118.3792573649314,True,True,True,Primary 1-3 year carryover window,Well and groundwater outcomes present
2017,Southern San Joaquin MUD,SOUTHERNSANJOAQUINMUD,75392.0,45000.0,120392.0,1.0,,,97000.0,50000.0,Historical planning reference; verify against current contract and amendments,2017,Positive contractor Class 2 delivery and final Class 1 share at 100%,2018,1,First later year with final numeric Class 1 allocation below 100%,6.0,6.0,6.0,1295.0,379.7,53.5,9.0,9.0,696.0084637948862,True,True,True,Primary 1-3 year carryover window,Well and groundwater outcomes present
2017,Tulare ID,TULAREID,21564.0,3257.0,24821.0,1.0,,,30000.0,141000.0,Historical planning reference; verify against current contract and amendments,2017,Positive contractor Class 2 delivery and final Class 1 share at 100%,2018,1,First later year with final numeric Class 1 allocation below 100%,11.0,11.0,11.0,510.0,158.095,113.67,18.0,18.0,45.29059225950696,True,True,True,Primary 1-3 year carryover window,Well and groundwater outcomes present
2019,Arvin-Edison WSD,ARVINEDISONWSD,32888.0,150429.0,183317.0,1.0,,,40000.0,311675.0,Historical planning reference; verify against current contract and amendments,2019,Positive contractor Class 2 delivery and final Class 1 share at 100%,2020,1,First later year with final numeric Class 1 allocation below 100%,2.0,2.0,2.0,1127.0,362.04999999999995,122.28,22.0,22.0,1135.3360880366615,True,True,True,Primary 1-3 year carryover window,Well and groundwater outcomes present
2019,Chowchilla WD,CHOWCHILLAWD,43666.0,66174.0,109840.0,1.0,,,55000.0,160000.0,Historical planning reference; verify against current contract and amendments,2019,Positive contractor Class 2 delivery and final Class 1 share at 100%,2020,1,First later year with final numeric Class 1 allocation below 100%,10.0,10.0,10.0,720.0,237.61,-32.09,25.0,37.0,740.2317271304569,True,True,True,Primary 1-3 year carryover window,Well and groundwater outcomes present
2019,Delano-Earlimart ID,DELANOEARLIMARTID,81390.0,74960.0,156350.0,1.0,,,108800.0,74500.0,Historical planning reference; verify against current contract and amendments,2019,Positive contractor Class 2 delivery and final Class 1 share at 100%,2020,1,First later year with final numeric Class 1 allocation below 100%,0.0,0.0,0.0,,232.055,136.755,8.0,10.0,1328.9554895097597,True,True,True,Primary 1-3 year carryover window,Well and groundwater outcomes present
2019,Exeter ID,EXETERID,10762.0,9842.0,20604.0,1.0,,,11500.0,19000.0,Historical planning reference; verify against current contract and amendments,2019,Positive contractor Class 2 delivery and final Class 1 share at 100%,2020,1,First later year with final numeric Class 1 allocation below 100%,8.0,8.0,8.0,382.5,95.05,329.41,6.0,6.0,649.5727454300244,True,True,True,Primary 1-3 year carryover window,Well and groundwater outcomes present
2019,Fresno ID,FRESNOID,0.0,3845.0,3845.0,1.0,,,0.0,75000.0,Historical planning reference; verify against current contract and amendments,2019,Positive contractor Class 2 delivery and final Class 1 share at 100%,2020,1,First later year with final numeric Class 1 allocation below 100%,22.5,22.0,23.0,400.0,80.7,162.46,21.0,21.0,15.529342604095012,True,True,True,Primary 1-3 year carryover window,Well and groundwater outcomes present
2019,Gravelly Ford WD,GRAVELLYFORDWD,,8861.0,,1.0,,,0.0,14000.0,Historical planning reference; verify against current contract and amendments,2019,Positive contractor Class 2 delivery and final Class 1 share at 100%,2020,1,First later year with final numeric Class 1 allocation below 100%,1.0,1.0,1.0,560.0,124.17,68.125,3.0,6.0,1051.7270537757488,True,True,True,Primary 1-3 year carryover window,Well and groundwater outcomes present
2019,Ivanhoe ID,IVANHOEID,4947.0,500.0,5447.0,1.0,,,7700.0,7900.0,Historical planning reference; verify against current contract and amendments,2019,Positive contractor Class 2 delivery and final Class 1 share at 100%,2020,1,First later year with final numeric Class 1 allocation below 100%,2.0,2.0,2.0,302.0,84.0,299.7,4.0,4.0,45.61888554018621,True,True,True,Primary 1-3 year carryover window,Well and groundwater outcomes present
2019,Kaweah Delta WCD,KAWEAHDELTAWCD,1200.0,7413.0,8613.0,1.0,,,,,,2019,Positive contractor Class 2 delivery and final Class 1 share at 100%,2020,1,First later year with final numeric Class 1 allocation below 100%,,,,,,,,,,True,True,True,Primary 1-3 year carryover window,Well outcome present; district groundwater summary missing
2019,Kern-Tulare WD,KERNTULAREWD,,5046.0,,1.0,,,,,,2019,Positive contractor Class 2 delivery and final Class 1 share at 100%,2020,1,First later year with final numeric Class 1 allocation below 100%,0.0,0.0,0.0,,535.5,64.5,3.0,9.0,283.90289447727133,True,True,True,Primary 1-3 year carryover window,Well and groundwater outcomes present
2019,Lindmore ID,LINDMOREID,25463.0,19762.0,45225.0,1.0,,,33000.0,22000.0,Historical planning reference; verify against current contract and amendments,2019,Positive contractor Class 2 delivery and final Class 1 share at 100%,2020,1,First later year with final numeric Class 1 allocation below 100%,11.0,11.0,11.0,440.0,104.0,269.2,7.0,7.0,715.7626177752277,True,True,True,Primary 1-3 year carryover window,Well and groundwater outcomes present
2019,Lower Tule River ID,LOWERTULERIVERID,38137.0,151388.0,189525.0,1.0,,,61200.0,238000.0,Historical planning reference; verify against current contract and amendments,2019,Positive contractor Class 2 delivery and final Class 1 share at 100%,2020,1,First later year with final numeric Class 1 allocation below 100%,17.0,17.0,17.0,800.0,186.5445,133.006,2.0,2.0,1468.6629792662693,True,True,True,Primary 1-3 year carryover window,Well and groundwater outcomes present
2019,Madera ID,MADERAID,62168.0,38116.0,100284.0,1.0,,,85000.0,186000.0,Historical planning reference; verify against current contract and amendments,2019,Positive contractor Class 2 delivery and final Class 1 share at 100%,2020,1,First later year with final numeric Class 1 allocation below 100%,11.0,11.0,11.0,700.0,181.2,74.4,46.0,49.0,261.4989518068661,True,True,True,Primary 1-3 year carryover window,Well and groundwater outcomes present
2019,Porterville ID,PORTERVILLEID,18131.0,58915.16,77046.16,1.0,,,16000.0,30000.0,Historical planning reference; verify against current contract and amendments,2019,Positive contractor Class 2 delivery and final Class 1 share at 100%,2020,1,First later year with final numeric Class 1 allocation below 100%,1.0,1.0,1.0,400.0,46.414500000000004,351.0765,2.0,2.0,3466.0401913594837,True,True,True,Primary 1-3 year carryover window,Well and groundwater outcomes present
2019,Saucelito ID,SAUCELITOID,19166.0,17057.0,36223.0,1.0,,,21200.0,32800.0,Historical planning reference; verify against current contract and amendments,2019,Positive contractor Class 2 delivery and final Class 1 share at 100%,2020,1,First later year with final numeric Class 1 allocation below 100%,4.0,4.0,4.0,1238.0,215.454,180.549,2.0,3.0,862.1822983082643,True,True,True,Primary 1-3 year carryover window,Well and groundwater outcomes present
2019,Shafter-Wasco ID,SHAFTERWASCOID,39982.0,29504.0,69486.0,1.0,,,50000.0,39600.0,Historical planning reference; verify against current contract and amendments,2019,Positive contractor Class 2 delivery and final Class 1 share at 100%,2020,1,First later year with final numeric Class 1 allocation below 100%,0.0,0.0,0.0,,336.5,-15.68,17.0,33.0,758.0908332788434,True,True,True,Primary 1-3 year carryover window,Well and groundwater outcomes present
2019,Southern San Joaquin MUD,SOUTHERNSANJOAQUINMUD,86060.0,41963.0,128023.0,1.0,,,97000.0,50000.0,Historical planning reference; verify against current contract and amendments,2019,Positive contractor Class 2 delivery and final Class 1 share at 100%,2020,1,First later year with final numeric Class 1 allocation below 100%,3.0,3.0,3.0,1000.0,313.35,53.0,8.0,10.0,649.0356259161069,True,True,True,Primary 1-3 year carryover window,Well and groundwater outcomes present
2019,Tulare ID,TULAREID,33341.0,67637.0,100978.0,1.0,,,30000.0,141000.0,Historical planning reference; verify against current contract and amendments,2019,Positive contractor Class 2 delivery and final Class 1 share at 100%,2020,1,First later year with final numeric Class 1 allocation below 100%,15.0,15.0,15.0,620.0,153.0,123.24,21.0,21.0,940.5341690685514,True,True,True,Primary 1-3 year carryover window,Well and groundwater outcomes present
2023,Arvin-Edison WSD,ARVINEDISONWSD,29915.0,62383.0,92298.0,1.0,0.7,,40000.0,311675.0,Historical planning reference; verify against current contract and amendments,2023,Positive contractor Class 2 delivery and final Class 1 share at 100%,2024,1,First later year with final numeric Class 1 allocation below 100%,2.0,2.0,2.0,917.0,367.0,107.32,23.0,23.0,470.8245828928667,True,True,True,Primary 1-3 year carryover window,Well and groundwater outcomes present
2023,Delano-Earlimart ID,DELANOEARLIMARTID,79860.0,64725.0,144585.0,1.0,0.7,,108800.0,74500.0,Historical planning reference; verify against current contract and amendments,2023,Positive contractor Class 2 delivery and final Class 1 share at 100%,2024,1,First later year with final numeric Class 1 allocation below 100%,3.0,3.0,3.0,1207.0,265.6225,130.93449999999999,8.0,8.0,1147.500587760395,True,True,True,Primary 1-3 year carryover window,Well and groundwater outcomes present
2023,Exeter ID,EXETERID,10515.0,10552.0,21067.0,1.0,0.7,,11500.0,19000.0,Historical planning reference; verify against current contract and amendments,2023,Positive contractor Class 2 delivery and final Class 1 share at 100%,2024,1,First later year with final numeric Class 1 allocation below 100%,3.0,3.0,3.0,500.0,42.1,392.4,7.0,7.0,696.432799205204,True,True,True,Primary 1-3 year carryover window,Well and groundwater outcomes present
2023,Fresno ID,FRESNOID,0.0,9250.0,9250.0,1.0,0.7,,0.0,75000.0,Historical planning reference; verify against current contract and amendments,2023,Positive contractor Class 2 delivery and final Class 1 share at 100%,2024,1,First later year with final numeric Class 1 allocation below 100%,11.0,11.0,11.0,360.0,91.825,169.925,16.0,19.0,37.359276745872265,True,True,True,Primary 1-3 year carryover window,Well and groundwater outcomes present
2023,Gravelly Ford WD,GRAVELLYFORDWD,,14962.0,,1.0,0.7,,0.0,14000.0,Historical planning reference; verify against current contract and amendments,2023,Positive contractor Class 2 delivery and final Class 1 share at 100%,2024,1,First later year with final numeric Class 1 allocation below 100%,0.0,0.0,0.0,,140.0,59.295,7.0,7.0,1775.8650466756294,True,True,True,Primary 1-3 year carryover window,Well and groundwater outcomes present
2023,Ivanhoe ID,IVANHOEID,9125.0,1000.0,10125.0,1.0,0.7,,7700.0,7900.0,Historical planning reference; verify against current contract and amendments,2023,Positive contractor Class 2 delivery and final Class 1 share at 100%,2024,1,First later year with final numeric Class 1 allocation below 100%,4.0,4.0,4.0,280.0,45.1,354.6,3.0,3.0,91.23777108037243,True,True,True,Primary 1-3 year carryover window,Well and groundwater outcomes present
2023,Kaweah Delta WCD,KAWEAHDELTAWCD,2202.0,14800.0,17002.0,1.0,0.7,,,,,2023,Positive contractor Class 2 delivery and final Class 1 share at 100%,2024,1,First later year with final numeric Class 1 allocation below 100%,,,,,,,,,,True,True,True,Primary 1-3 year carryover window,Well outcome present; district groundwater summary missing
2023,Kern-Tulare WD,KERNTULAREWD,,4849.0,,1.0,0.7,,,,,2023,Positive contractor Class 2 delivery and final Class 1 share at 100%,2024,1,First later year with final numeric Class 1 allocation below 100%,1.0,1.0,1.0,1680.0,565.7625,57.3655,4.0,4.0,272.81909142296644,True,True,True,Primary 1-3 year carryover window,Well and groundwater outcomes present
2023,Lindmore ID,LINDMOREID,22819.0,7437.0,30256.0,1.0,0.7,,33000.0,22000.0,Historical planning reference; verify against current contract and amendments,2023,Positive contractor Class 2 delivery and final Class 1 share at 100%,2024,1,First later year with final numeric Class 1 allocation below 100%,8.0,8.0,8.0,500.0,106.0,270.2,7.0,7.0,269.3617340549726,True,True,True,Primary 1-3 year carryover window,Well and groundwater outcomes present
2023,Lower Tule River ID,LOWERTULERIVERID,67601.0,175901.0,243502.0,1.0,0.7,,61200.0,238000.0,Historical planning reference; verify against current contract and amendments,2023,Positive contractor Class 2 delivery and final Class 1 share at 100%,2024,1,First later year with final numeric Class 1 allocation below 100%,7.0,7.0,7.0,600.0,142.899,123.98,10.0,10.0,1706.4713630929537,True,True,True,Primary 1-3 year carryover window,Well and groundwater outcomes present
2023,Porterville ID,PORTERVILLEID,12844.0,29027.0,41871.0,1.0,0.7,,16000.0,30000.0,Historical planning reference; verify against current contract and amendments,2023,Positive contractor Class 2 delivery and final Class 1 share at 100%,2024,1,First later year with final numeric Class 1 allocation below 100%,5.0,5.0,5.0,810.0,30.2145,367.2765,2.0,2.0,1707.688626061471,True,True,True,Primary 1-3 year carryover window,Well and groundwater outcomes present
2023,Saucelito ID,SAUCELITOID,15523.0,32800.0,48323.0,1.0,0.7,,21200.0,32800.0,Historical planning reference; verify against current contract and amendments,2023,Positive contractor Class 2 delivery and final Class 1 share at 100%,2024,1,First later year with final numeric Class 1 allocation below 100%,0.0,0.0,0.0,,133.307,262.002,3.0,3.0,1657.9456753538764,True,True,True,Primary 1-3 year carryover window,Well and groundwater outcomes present
2023,Shafter-Wasco ID,SHAFTERWASCOID,38008.0,10788.0,48796.0,1.0,0.7,,50000.0,39600.0,Historical planning reference; verify against current contract and amendments,2023,Positive contractor Class 2 delivery and final Class 1 share at 100%,2024,1,First later year with final numeric Class 1 allocation below 100%,1.0,1.0,1.0,1013.0,370.6,-36.5,8.0,8.0,277.1923776237853,True,True,True,Primary 1-3 year carryover window,Well and groundwater outcomes present
2023,Southern San Joaquin MUD,SOUTHERNSANJOAQUINMUD,90718.0,45000.0,135718.0,1.0,0.7,,97000.0,50000.0,Historical planning reference; verify against current contract and amendments,2023,Positive contractor Class 2 delivery and final Class 1 share at 100%,2024,1,First later year with final numeric Class 1 allocation below 100%,3.0,3.0,3.0,1000.0,268.395,80.0,10.0,10.0,696.0084637948862,True,True,True,Primary 1-3 year carryover window,Well and groundwater outcomes present
2023,Tulare ID,TULAREID,21922.0,39559.0,61481.0,1.0,0.7,,30000.0,141000.0,Historical planning reference; verify against current contract and amendments,2023,Positive contractor Class 2 delivery and final Class 1 share at 100%,2024,1,First later year with final numeric Class 1 allocation below 100%,8.0,8.0,8.0,620.0,179.74,92.41,23.0,2122.0,550.0922748522676,True,True,True,Primary 1-3 year carryover window,Well and groundwater outcomes present
